symbol,pricesale
SPP,0.70
SPR,0.87
SPU,0.32
PHMD,0.14
SPH,1.38
SPN,0.56
BSDM,1.91
SPA,0.75
SPB,1.11
RIOM,3.09
SPE,N/A
SPF,0.83
SPG,11.41
XPO,1.29
TISA,1.57
JNS,3.25
REMY,0.51
MBSD,N/A
TISI,1.01
JNJ,3.85
MBFIP,N/A
BEN,3.74
BEL,1.94
BEE,3.20
BEP,5.10
GHDX,3.68
RFT,8.23
BIRT,2.85
ENJ,0.30
GRT,N/A
TPRE,2.90
GRR,N/A
GRX,N/A
GRF,N/A
GRC,1.81
GRA,2.05
GRO,0.06
GRH,0.72
NSLP,0.91
DYAX,26.79
LPSN,3.02
AVHI,1.28
LPSB,3.82
HLS,1.50
NOA,0.26
NOC,1.28
HLF,0.55
NOV,0.99
HVT/A,0.70
NOR,0.16
SYPR,0.14
IFAS,N/A
SPW,0.71
RFI,N/A
VRTX,35.99
ARTW,0.57
KTOS,0.32
ARTX,0.58
WSH,2.08
EVBS,1.71
BFAM,2.38
RLI,2.71
NTAP,1.91
EDD,N/A
ZBRA,3.55
RLD,2.73
EDI,N/A
EDN,0.99
EDR,8.42
EDS,0.19
PDII,0.17
EDU,2.83
DPW,0.86
ABAC,1.02
HDRAW,N/A
DPS,2.42
VXUS,N/A
DUKH,0.69
DPZ,2.78
DPG,N/A
DPD,N/A
FCBC,2.45
DCUB,2.79
COHR,1.73
ABAX,6.93
COHU,0.92
LF,0.53
LG,1.43
LE,1.01
LB,2.11
LC,7.62
LO,4.65
LL,1.44
LM,2.17
LH,1.64
LQ,2.84
A,1.83
CNTF,0.54
HEAR,0.69
NBHC,4.29
FRGI,2.59
CNTY,1.15
PNY,2.11
CFO,N/A
CFI,0.87
CFG,2.93
CFD,N/A
PNR,1.61
PNW,2.25
CFA,N/A
PNI,N/A
PNK,0.62
MRLN,3.04
PNM,1.68
CFX,1.21
PNC,2.86
CFR,4.06
CFP,N/A
PNF,N/A
TRUP,1.92
CBOE,9.27
TRUE,7.48
ELOS,1.59
PRQR,95726.31
CRD/A,N/A
CRD/B,N/A
HYLS,N/A
JMLP,N/A
CHFN,4.39
CHFC,3.64
JAXB,3.69
MRO,1.22
MRH,2.18
MRK,4.10
SIXD,59.32
MRC,0.21
APP,0.23
APT,1.01
APU,1.26
ORBK,1.28
API,0.42
APO,1.86
APL,0.75
APB,N/A
APC,2.27
ORBC,3.71
APA,1.54
APF,N/A
APD,2.86
GULTU,N/A
ADNC,0.72
UCTT,0.52
EMKR,0.92
PAYX,6.64
CSOD,7.17
SLCT,3.64
TRTLW,N/A
SLCA,1.78
TRTLU,N/A
PAYC,8.80
JGBB,N/A
SEP,7.03
VTIP,N/A
OCUL,1848.58
LBRKR,N/A
LAND,13.66
LANC,2.39
RKUS,2.47
SEB,0.68
CRWS,0.99
CRWN,2.98
SPAN,0.95
SOCB,3.10
RMGN,0.21
SOCL,N/A
DNKN,6.49
VNRBP,2.83
SPAR,0.35
ANSS,8.10
CNHI,0.32
GEF/B,0.45
BIIB,8.89
PHIIK,0.57
HOTRW,N/A
OAKS,6.18
VCF,N/A
VCO,1.55
IMO,1.04
VCV,N/A
CLC,2.18
TARO,8.32
AIRI,1.15
AIRM,1.66
AIRR,N/A
AIRT,0.45
FCE/B,N/A
CFNL,4.21
FCE/A,N/A
AMSG,1.91
AMSF,1.96
AMSC,1.05
CFNB,6.23
LIVE,8.95
BRDR,1.79
YUMA,2.47
CSPI,0.30
X,0.18
BLIN,0.43
UBSH,3.64
UBSI,6.15
PLCE,0.76
HMNF,1.47
PLCM,1.27
MCUR,N/A
UMBF,2.68
DMB,N/A
DMD,0.23
DMF,N/A
DMO,N/A
SWKS,5.93
COBZ,3.23
GPOR,6.37
FWV,3.39
XWES,1.78
BSBR,2.09
OXLCO,N/A
OXLCN,N/A
SABR,1.60
OPOF,2.02
CTXS,2.96
OXLCP,N/A
MGIC,1.59
FFBC,3.56
LEN/B,1.23
XRM,0.43
INFY,4.58
XRA,N/A
XRX,0.72
XRS,5.94
PSO,1.97
JLS,N/A
PSB,5.94
PSA,15.63
PSF,N/A
PSG,1.74
ESYS,2.26
KFRC,0.55
JLA,N/A
INWK,0.34
ASUR,1.25
GABC,3.79
BCO,0.30
BCH,4.67
TRNO,11.76
HNI,1.02
HNH,0.63
HCACW,N/A
BCA,2.64
BCC,0.44
TRNX,3.61
ZIONW,N/A
HNR,N/A
BCX,N/A
HNT,0.32
HNW,N/A
RIVR,2.70
BCV,N/A
TRNS,0.54
BCR,4.02
RVSB,2.81
BAC/WS/A,1.89
OSGB,1.58
SRC,8.55
SRF,N/A
ASRVP,N/A
SRE,2.51
SRI,0.36
ESCRP,3.89
SRV,N/A
SRT,0.61
MYC,N/A
TDJ,0.55
NMT,N/A
NMR,1.53
NMS,N/A
TDC,2.34
HLX,1.62
TDG,4.50
TDF,N/A
TDE,0.55
NMY,N/A
TDY,1.48
BBDO,2.73
NMA,13.18
TDS,0.52
NMO,N/A
NML,N/A
NMM,4.38
TDW,0.98
NMI,N/A
IFON,0.40
RITT,1.56
SYRX,0.55
SMFG,1.18
LOR,N/A
FHY,N/A
LOW,1.16
ADUS,0.80
IKAN,0.80
GUID,1.65
CQB,N/A
QTEC,N/A
NTGR,0.86
EBF,0.61
NOW,15.47
RJF,1.46
RJD,0.77
EBR,0.29
EBS,2.58
DRQ,3.15
ABGB,2.83
GLNG,30.48
LFUS,2.56
DRI,1.23
DRH,3.53
DRL,0.11
GPRE,0.25
DRA,N/A
DRC,2.20
GPRO,5.53
DRD,0.53
CONN,0.45
KBAL,0.26
NDRM,N/A
NDRO,4.03
HEOP,4.13
CXP,5.67
CXW,2.66
CXE,N/A
RPRXZ,N/A
CXH,N/A
RPRXW,N/A
CXO,4.16
METR,2.93
CVEO,0.37
AAON,3.36
AAOI,1.05
OXGN,N/A
GOF,N/A
NEPT,10.33
JAZZ,8.91
IBCP,2.47
CAPL,0.32
CAPN,N/A
MLM,2.94
DTSI,3.38
IBCA,4.54
AQXP,N/A
CHDN,2.02
MPG,0.46
MPB,1.98
MPC,0.23
MPA,N/A
AVT,0.20
MPO,0.13
AVV,N/A
AVP,0.36
MPV,N/A
WOOF,2.21
WOOD,N/A
AVH,0.31
AVK,N/A
AVD,1.08
AVG,2.64
PSIX,1.46
AVA,1.39
AVB,13.11
AXTI,1.10
AXTA,1.38
CEQP,0.32
ADHD,N/A
GGAC,N/A
ISIS,47.41
GGAL,1.33
EMIF,N/A
ISIG,1.41
HBCP,3.00
KANG,4.10
ISIL,3.13
DGAS,1.49
GLRE,1.98
SLAB,3.09
INOD,1.17
FXCB,5.45
WHX,0.77
PTIE,2.40
WAYN,2.72
REGI,0.29
HLT,3.77
LALT,N/A
E,0.44
MLHR,0.87
GOGO,3.10
EVTC,4.40
YGE,0.17
IPXL,4.35
PFBC,5.12
IILG,2.21
MBLY,42.15
MBLX,18.07
RRTS,0.47
PFBX,2.73
PBFX,9.16
SRSC,0.31
ARTNA,2.82
CCOI,4.39
VAL,1.55
VAC,1.81
SKLNW,N/A
VAR,2.82
EDF,N/A
RLH,0.96
PSTR,1.62
TAPR,1.51
SBFG,1.42
EDE,2.03
PSTB,3.37
HBOS,2.21
PSTI,497.39
LRCX,2.57
LMT,1.35
WNRL,9.34
HMTV,5.23
VCEL,4.77
GALTU,N/A
GALTW,N/A
SGRP,0.24
SFUN,3.88
UVV,0.42
SNBC,3.73
FNGN,6.61
PCLN,6.42
BRFS,1.77
NWLI,1.11
UVE,2.04
LITB,0.89
DIOD,1.40
VALE/P,0.99
CFFI,1.56
MD,2.72
MG,0.87
RWC,1.97
MA,10.33
ALOG,1.99
MC,0.92
MM,0.51
MO,5.85
MN,0.38
BLOX,4.35
MU,1.92
MT,0.21
MW,0.72
RDEN,0.49
RWT,8.34
ALOT,1.27
MR,2.47
PLMT,4.07
MY,0.36
MX,0.52
HWBK,1.49
DOM,6.44
DOC,19.08
COSI,0.69
DOX,2.06
COST,0.53
DOV,1.24
LDRH,6.55
SWIR,2.45
POWR,0.92
MSON,4.97
POWL,0.76
GIFI,0.47
SUSQ,3.19
VPFG,6.41
PUK,0.61
INUV,0.61
THGA,0.22
EQY,9.39
LTRPB,1.53
LTRPA,1.39
ITCI,427.46
KNL,0.93
BAX,2.30
BAF,N/A
DPO,N/A
BAC,1.89
TRLA,6.63
RNDY,0.04
BAM,1.57
DPM,1.29
BAH,0.80
QLTY,0.25
SBRAP,8.83
QLTI,N/A
EQS,N/A
STE,2.16
RXII,321.89
NEOG,6.84
STB,0.97
STC,0.48
STL,4.46
STM,0.89
STN,1.34
STO,0.63
NEON,23.48
STI,2.50
STJ,3.34
STK,N/A
STT,3.00
HTLD,2.75
FDUS,N/A
NEOT,N/A
STS,0.45
STX,1.45
STZ,3.56
TFM,1.06
NCZ,8.02
AGCO,0.39
NCQ,N/A
TFG,N/A
NCS,0.84
NCT,0.44
NCV,N/A
ENRJ,0.65
NCI,0.95
TFX,2.54
NCA,19.96
NCB,N/A
FNV,19.91
IFMI,0.41
LIN,N/A
LII,1.38
FNF,1.12
IGOV,N/A
FNB,3.64
PDEX,0.95
ACG,N/A
CLVS,158.52
DLHC,0.35
RGEN,12.96
QGEN,4.04
ACH,0.27
MFSF,2.88
GCTS,N/A
BASI,0.76
RTGN,N/A
KAI,1.14
FITBI,3.91
RHT,7.25
RHI,1.67
KAR,2.08
KAP,15.86
ABEV,7.07
WF,1.65
FCFS,2.15
BMRN,21.62
COLB,3.73
ACY,0.66
BMRC,3.83
DMND,0.96
JCTCF,0.67
EVOK,N/A
EVOL,3.66
OXY,2.40
AEIS,1.60
OXM,0.92
OXF,N/A
CZZ,0.53
YELP,10.74
CZR,0.20
HIG/WS,0.70
RGP,2.07
ATE,1.81
CBST,6.64
ATO,1.16
ATL,0.58
MERU,0.75
ATI,0.74
ATV,0.35
ATW,1.57
ATU,1.05
ATR,1.57
CBSH,3.68
MERC,0.69
CVGW,0.88
AAME,0.49
ENOC,0.96
DAEG,0.38
AAMC,1.50
HTGC,6.47
TTEC,0.88
HTGY,11.76
HTGX,11.39
HTGZ,11.67
TTEK,0.82
LSCC,2.07
CARZ,N/A
CFN,3.08
PNX,0.22
CARV,0.79
CART,2.07
NERV,N/A
CARO,1.94
CARB,3.21
CARA,73.91
LBTYA,2.03
LBTYB,2.04
LBTYK,1.97
EUFN,N/A
BOTJ,1.83
NANO,2.16
HBAN,2.96
BOTA,1.60
SJR,2.54
CGI,0.66
LMNX,3.57
LMNS,1.20
LMNR,2.90
AZPN,7.27
VRNGW,N/A
SJI,2.39
GTLS,0.73
ZAGG,0.87
ZSAN,N/A
SJM,1.87
FPRX,28.92
OHGI,8.68
XIN,0.19
XIV,N/A
PETS,1.23
XPL,N/A
OVBC,2.37
LNDC,0.70
GWRU,3.64
CGIX,9.70
IIJI,0.47
GWRE,8.73
WTBA,4.49
TFSC,N/A
SDRL,0.99
CCMP,2.49
VGM,N/A
VGI,N/A
VGZ,N/A
VGR,2.38
AINV,N/A
SPKE,0.13
MPEL,2.53
MKTX,10.47
MPET,5.44
WWD,1.39
QADA,1.17
AINC,N/A
MKTO,9.72
FSC,N/A
FSD,N/A
FSI,0.96
FSL,1.67
FSM,3.54
RELV,0.24
FSP,5.39
FSS,1.06
AMWD,0.78
SIVBO,N/A
ZTS,4.56
ZTR,29.43
NYMX,4.67
RUK,N/A
PLOW,1.57
ALIM,31.98
BLMT,4.83
NYMT,4.37
BLMN,0.72
HCBK,7.92
DIN,3.11
RECN,1.13
JHI,N/A
INSM,N/A
JHP,N/A
JHS,N/A
DIT,0.06
JHX,14.05
DIS,3.28
BWFG,4.40
SPPRP,N/A
FCCO,2.44
SPPRO,N/A
UTF,N/A
UTG,N/A
I,0.72
IRR,N/A
IRS,1.75
IRT,N/A
AERI,N/A
UTL,1.21
IRL,N/A
IRM,2.51
JPEP,0.24
UTX,1.60
IRC,5.38
IRE,5.64
IRF,N/A
IRG,0.22
PWR,0.74
FPP/WS,1.23
AUMN,N/A
AUMA,N/A
ASYS,1.52
NUTR,0.89
PWX,2.56
PWE,0.42
DXCM,19.40
ESEA,1.05
HBM,3.20
NAD,N/A
NAK,N/A
DGSE,0.17
NAN,N/A
NAO,33.71
TIVO,2.40
MRD,4.20
NAP,2.11
NAV,0.24
NAT,3.36
NAZ,N/A
HBP,0.13
PRFT,1.54
PRFZ,N/A
SAFM,0.68
SVA,3.99
HOFT,0.79
SAFT,1.21
SVU,0.14
TXT,0.88
BWINB,1.25
MOG/B,N/A
MOG/A,N/A
PEO,33.10
GXP,1.76
TNET,1.13
FLY,1.53
MTRN,0.58
CPHI,0.48
CPHD,8.34
FONE,N/A
FLR,0.37
CLTX,N/A
CPHC,0.86
FLL,0.20
FLO,1.10
GMLP,N/A
SFST,2.53
FONR,0.79
LKQ,1.20
CACC,4.70
APH,3.11
COL,2.27
PEB,5.63
GM/WS/C,0.34
GM/WS/B,0.34
GM/WS/A,0.34
KCG,1.03
KCC,N/A
RTEC,1.85
GLBZ,2.42
GLBS,0.90
WLBPZ,0.93
FLDM,9.05
BMTC,3.23
ASGN,0.91
NI,2.16
NJ,2.37
NL,3.51
NM,0.73
XBKS,3.54
NC,0.45
NE,0.84
NG,N/A
NX,0.69
NP,1.03
DMLP,10.98
NR,0.67
NS,1.46
NU,2.28
HUB/A,N/A
HUB/B,N/A
DRAD,1.39
DRAM,0.12
ICON,3.52
FRME,3.24
OZM,0.97
IPAR,1.65
IPAS,0.89
PKBK,1.84
AZN,3.43
AZO,1.90
AZZ,1.27
GDEF,N/A
TTGT,3.51
JONE,0.32
SCYX,6.21
AHPI,0.32
TKC,2.53
CATO,1.23
CDE/WS,0.86
CATY,4.76
HIIQ,0.70
PSMT,0.98
SSYS,5.18
OIIM,0.91
MDRX,1.60
CSIQ,0.47
TQNT,5.15
CSII,6.06
PACW,7.58
VTSS,2.38
LOOK,0.96
PLTM,N/A
PACD,0.74
RLYP,N/A
PACB,10.25
ROIAK,0.18
JMPC,2.77
JMPB,2.80
USEG,0.88
VUSE,N/A
GWPH,30.93
APOG,1.33
APOL,0.90
UIHC,1.76
XKE,N/A
VBFC,0.34
DLR,6.07
LNBB,3.72
FNFV,N/A
SHLDW,N/A
AIY,15.68
SDPI,3.13
FICO,2.92
VET,3.74
MKL,1.85
FFWM,2.19
VEC,0.23
MDGN/WS,N/A
UNFI,0.53
GNCA,6315.17
BKYF,4.47
QABA,N/A
QNST,0.88
AGZD,N/A
YRCW,0.11
VCIT,N/A
STEM,62.59
EEFT,1.68
HMPR,3.22
GNI,0.84
OUBS,2.20
NWHM,2.14
CUDA,6.88
SLMBP,39.56
TAYD,1.72
RAIL,0.59
SSE,0.10
RSO,5.36
RSH,0.01
ALKS,16.58
RSE,4.13
RSG,1.64
MSLI,4.25
RST,0.73
BLKB,3.56
CDZI,381.06
POZN,8.04
HBANP,409.62
TCPC,N/A
DKT,N/A
NUVA,2.93
COWN,1.41
JFC,N/A
HDNG,0.45
REED,1.69
KALU,0.93
JFR,N/A
DKL,0.98
FXEN,1.94
CTBI,3.42
SXCP,1.49
URG,3.41
URBN,1.38
AEPI,0.24
URI,1.52
MAYS,5.80
VIRC,0.23
IPB,N/A
IPG,1.10
PYS,N/A
PYT,N/A
ESGR,3.44
PYN,14.34
PYB,N/A
DYN/WS,1.66
NGD,2.92
ATSG,0.90
NGG,2.31
HDS,0.58
HDP,24.05
NGL,0.15
HDY,N/A
EROC,0.27
HDB,64.35
NGS,2.62
EROS,4.38
BMA,1.98
BME,N/A
BMI,2.26
BMO,2.89
BMR,7.14
BMS,0.91
BMY,6.36
DTLK,0.45
SHW,2.36
IT,3.68
ACFC,3.31
SHG,2.63
ACFN,0.80
RDS/A,N/A
POST,0.74
SHO,3.26
MGA,0.52
MGF,N/A
MGI,0.30
MGH,N/A
MGN,586.47
MGM,1.01
TBI,0.42
MGR,0.60
TBK,3.33
MGU,N/A
EXPR,0.57
GZT,1.24
OTEL,0.21
ECL,2.13
LUV,1.43
LUX,2.89
STXS,1.00
CLRX,6.60
CLRB,N/A
LUB,0.33
OTEX,3.96
FSCFL,N/A
CLRO,1.58
ADSK,5.21
TSBK,2.05
IKGH,0.29
OIBR/C,1.37
MDIV,N/A
ECT,2.65
IF,N/A
SLXP,5.51
BFIN,4.22
MEILZ,N/A
NMFC,N/A
KEM,0.21
KEG,0.15
KEF,N/A
KED,N/A
RYAM,0.91
HSBC,3.13
VKTX,N/A
LNC,1.01
KEY,2.62
KEX,1.79
APDNW,N/A
KEP,0.45
CWCO,2.35
ABIO,N/A
MOLG,2.82
ITC,6.26
UVSP,2.66
DMRC,6.89
BBD,2.71
M,0.77
ICAD,3.61
IPCC,0.63
ZGNX,5.55
BGMD,4.12
IPCI,6.13
LGIH,0.77
IPCM,1.09
AMSWA,2.43
NKTR,8.83
FUEL,1.59
TESS,0.39
AXR,0.38
AXS,1.12
AXP,2.84
CVCY,2.24
AXX,N/A
AXE,0.40
AXN,1.45
AXL,0.49
ENSV,1.24
BBT,2.86
DVCR,0.16
ENSG,0.97
HTCH,0.38
CNLMU,N/A
CAVM,9.03
CHNR,9.03
MZF,N/A
MZA,N/A
SHLM,0.40
CYHHZ,N/A
NWSA,1.01
QQXT,N/A
SSWN,3.36
CSGS,1.07
CENX,1.06
CSGP,10.27
PAAS,2.08
KBSF,1.05
MCHX,0.86
MCHP,4.36
LMBS,N/A
FTD,0.98
REXR,11.89
REXX,0.40
APAM,1.93
OPTT,2.76
YORW,6.64
MLNK,0.26
MLNX,4.75
MBFI,3.86
HYB,N/A
BCLI,N/A
HYF,N/A
HYH,1.26
HYI,N/A
HYL,N/A
WSO,0.87
WSR,4.90
HYT,N/A
WST,2.55
WTFC,2.58
PGNX,8.78
KERX,119.86
EMITF,0.01
AWAY,5.78
VKQ,N/A
VKI,N/A
VGSH,N/A
MPAA,1.89
TROVW,N/A
SBLK,10.09
FWM,0.19
STCK,0.34
POR,1.62
HMNY,0.35
AGTC,236.05
CLMS,1.00
CLMT,0.27
JW/A,N/A
JW/B,N/A
FWP,N/A
OCIP,2.93
OCIR,1.13
TROVU,N/A
CCIH,1.10
JJSF,2.28
SKOR,N/A
ALEX,3.02
OI,0.56
CDXS,3.94
OC,0.83
OB,1.24
NTRS,3.43
PLKI,5.87
NTRI,1.33
RQI,N/A
DEX,N/A
COUP,6.55
SMI,1.61
JDD,N/A
REGN,15.23
DEI,7.06
DEJ,4.20
DEL,3.64
THTI,0.30
DEO,4.42
FXCM,1.38
DEG,0.30
MSFT,4.10
UPL,1.79
UPI,1.34
VNTV,2.02
GBAB,N/A
CFFN,8.16
PNQI,N/A
SNHN,6.06
SNHY,4.46
LDRI,N/A
UPS,1.73
PCBK,3.68
IVC,0.37
CZNC,4.40
IVH,N/A
IVR,N/A
IVZ,3.04
ACC,6.36
NEO,3.02
NEM,1.46
KOPN,9.07
ACE,1.87
ACI,0.09
NEE,2.92
ACN,1.84
ACM,0.46
NEA,N/A
ACP,N/A
ACW,0.31
ACU,0.61
ACT,5.93
NEV,N/A
HFC,0.29
NEU,2.22
NES,0.16
NEP,2.61
BKD,2.21
BKE,2.05
BKN,N/A
BKH,1.67
BKJ,3.00
BKK,N/A
BKT,N/A
BKU,3.96
BKS,0.22
HCACU,N/A
GILD,7.10
NATL,0.91
SJW,2.08
SJT,10.48
GGM,N/A
ACHN,N/A
DHRM,1.33
MSEX,3.06
GILT,0.89
QUAD,0.22
ACHC,3.93
GDP,0.58
MED,1.18
MEG,2.30
MEA,0.05
GDV,N/A
MEN,N/A
MEI,1.58
MET,0.75
MEP,0.09
GDF,N/A
GDL,N/A
GDO,N/A
CPLP,3.92
CPLA,1.99
ESIO,1.37
PDCO,1.13
PDCE,2.49
DLNG,5.78
QQEW,N/A
ESBK,2.76
SLVO,N/A
AFSD,0.49
AFSI,0.97
EZT,0.64
KGC,1.13
CPK,1.46
CPL,1.09
CPN,1.13
CPA,1.71
CPB,1.73
CWAY,N/A
CPE,2.00
CPF,3.57
CPG,3.51
CPS,0.28
CPT,7.99
NILE,0.84
FCHI,N/A
VOYA,0.87
ARBR,N/A
EVAR,7.95
TCBIP,2.16
TCBIW,N/A
TCBIL,2.18
EVAL,N/A
ICCC,2.22
NBBC,3.41
BGSF,0.42
TRK,1.89
UEPS,0.90
RLGT,0.39
WRES,0.71
AAWW,0.63
ANFI,0.60
DVAX,40.61
MXWL,1.36
FULLL,N/A
SBSA,0.12
HIMX,1.53
CHLN,0.12
PSAU,N/A
SBSI,4.12
SIBC,5.58
MXL,2.25
MXF,N/A
MXE,N/A
MXC,2.22
AWR,3.23
MDVX,N/A
NATR,0.70
BONT,0.04
NATI,3.09
NATH,3.91
MDVN,15.41
BONA,1.57
BONE,0.56
ZMH,4.15
TAOM,2.80
HYZD,N/A
RUBI,4.86
PLPM,2.03
PAGP,0.08
PLPC,0.66
VTWV,N/A
PZG,N/A
VTWO,N/A
ASCMA,1.13
VTWG,N/A
LYTS,0.48
PAGG,N/A
USAK,0.50
DECK,1.86
USAC,3.39
BBLU,7.46
WUBA,15.15
YUME,0.96
XPLR,1.50
USAP,0.75
USAT,1.26
PCYG,11.91
PCYC,19.22
PCYO,32.27
RGDO,N/A
Q,1.84
CMLP,1.30
CMLS,0.70
XON,70.24
RGDX,0.75
GLOG,4.66
CRAY,2.08
LSBK,4.55
CRAI,0.93
TAXI,5.88
IGTE,1.96
NOAH,4.38
KFX,2.06
RLJ,4.29
GLOW,1.13
OHAI,N/A
SHEN,2.35
LADR,3.29
SBNY,7.58
VIA,1.99
TYG,N/A
TYC,1.73
VIP,0.31
VIV,1.55
SBNA,13.89
MMAC,2.56
SBNB,15.87
EXFO,0.92
DPLO,0.57
STAR,4.97
NYCB,5.02
HMLP,7.12
STAY,3.41
STAG,10.52
ELRC,1.29
STAA,3.95
FUN,2.48
FUL,0.97
BPOPM,N/A
BPOPN,N/A
BICK,N/A
ORPN,N/A
WFC/WS,3.20
WIFI,2.50
XOXO,3.13
ALGT,2.58
ALGN,6.48
ESCA,1.26
JBT,0.90
JBR,N/A
NURO,2.44
ESCR,0.16
ABY,5.78
JBN,N/A
JBL,0.25
JBK,N/A
XOM,0.96
FCSC,965.47
DGI,3.42
DGX,1.34
SWAY,12.25
UNP,4.20
HERO,0.13
UNB,3.60
MTOR,0.38
UNF,1.68
UNM,0.76
GBCI,5.01
OMC,1.20
OMG,0.82
OME,0.84
ITI,0.76
ITG,1.28
OMI,0.24
OMN,0.36
VIVO,3.67
ITW,2.48
ITT,1.24
AAC,5.39
AAL,0.89
AAN,0.84
AAU,680.12
AAT,7.48
AAV,2.82
AAP,1.20
BIN,1.64
JOUT,0.66
BIF,N/A
BIG,0.46
BID,2.98
BIE,N/A
BIB,N/A
BIT,N/A
TIPT,1.89
BIP,3.33
CYBR,3.56
HOLX,3.19
CYBX,5.07
SLW,12.84
SLP,9.70
SLM,5.92
TBIO,0.52
SLH,3.40
SLI,0.81
HOLI,2.65
CYBE,1.61
SLF,0.96
SLG,7.70
POOL,1.24
MCO,5.97
MCN,N/A
GFY,N/A
MCK,0.30
MCI,N/A
MCF,1.76
MCD,3.18
MCC,N/A
MCA,N/A
GFI,1.75
GFN,0.75
MCZ,0.30
MCY,1.04
MCV,N/A
GFA,0.35
MCS,1.13
MCR,N/A
MCQ,N/A
MCP,0.25
EXG,N/A
EXD,N/A
EXE,2.19
EXC,1.22
EXA,2.58
EXL,7.00
EXK,1.20
EXH,0.65
EXR,12.04
EXP,3.64
PWOD,4.15
DLPH,1.17
FBHS,1.57
FBR,2.40
XLNX,4.48
IESC,0.26
SLTC,2.60
SLTB,90.64
KIQ,9.87
NMBL,9.21
KIO,N/A
KIN,N/A
KIM,10.75
EOPN,2.08
CRR,1.15
CRS,0.99
CRV,0.14
CRT,6.78
CRY,2.33
C,2.05
CRC,N/A
CRF,N/A
CRK,0.42
CRH,0.73
CRI,1.59
CRL,2.53
CRM,6.85
GLDI,N/A
FBC,1.99
PQ,0.88
PW,11.16
HGSH,1.38
GLDC,0.31
GLDD,0.60
PB,4.44
PF,1.62
PG,2.92
PE,6.19
PH,1.34
PL,1.30
PM,4.24
KTCC,0.27
SVBI,1.91
RMTI,9.07
SVBL,N/A
IPGP,5.12
CBNK,4.88
SPRT,1.26
OPY,0.27
EVGN,13.35
ICEL,6.23
SPRO,0.47
CNXR,N/A
FRSH,2.16
OPB,4.52
IDSY,1.69
ECAV,N/A
OPK,50.16
SCSS,1.36
GDOT,1.46
ANDE,0.27
SCSC,0.36
RYAAY,2.79
HAYN,1.08
VGLT,N/A
CHRW,0.80
UFPT,1.18
CHRS,65.32
PSCT,N/A
PSCU,N/A
SBUX,3.62
PSCH,N/A
PSCI,N/A
PSCM,N/A
VLYWW,N/A
PSCC,N/A
UFPI,0.39
PSCD,N/A
PSCE,N/A
JRJC,1.33
WASH,4.17
PTCT,99.57
DXGE,N/A
PSX,0.21
AMBR,4.05
GTE,1.38
AMBA,8.40
AMBC,1.97
MSG,3.54
QIHU,5.78
JLL,1.28
CSCD,1.66
CSCO,2.96
FMN,N/A
USCR,0.51
BBNK,3.50
BCE,2.09
APEI,1.72
TYL,7.22
NAVB,52.75
NAVG,0.97
NAVI,2.99
ISCA,2.18
SGB,1.94
HNP,1.01
VBLT,N/A
ROSE,1.09
CRCM,2.15
VII,0.21
JPM/WS,2.22
CNS,6.75
RVBD,2.92
ICL,1.53
BCS,1.90
LABC,4.57
DHIL,3.96
BERY,0.79
LABL,1.25
ICE,8.15
VOD,1.45
VOC,2.50
FB,18.43
VNET,2.67
CZFC,1.43
MDVXU,N/A
FOSL,1.44
IMDZ,116.48
STOR,15.00
STON,2.73
IRDM,1.99
ELTK,0.24
FUR,4.81
RSYS,0.45
VCSH,N/A
MINI,3.93
MIND,0.75
GCAP,1.02
PFH,N/A
CIB,3.20
CIA,1.51
MRTN,1.04
CIG,0.86
CIF,N/A
CIE,N/A
CIK,N/A
CII,N/A
CIO,N/A
CIM,4.82
DXR,13.79
BBSI,0.35
CIR,1.04
CIT,3.38
CIZ,N/A
PFN,N/A
OXBRW,N/A
FEMB,N/A
KFFB,5.90
DAC,1.03
DAL,0.94
DAN,0.51
PFS,4.02
DAR,0.87
DAX,N/A
PETX,943.14
MICTW,N/A
CFBK,2.28
CUBE,11.30
CUBA,N/A
AEZS,N/A
SNTA,N/A
CMSB,2.47
MACK,14.42
DSGX,6.74
DXB,N/A
AGO,2.52
AGN,9.18
AGM,3.42
ORMP,N/A
AGI,5.63
AGD,N/A
AGC,N/A
NYT,1.14
NYH,N/A
ERII,5.00
AGU,0.87
ERIE,0.74
ERIC,1.28
BWP,3.00
BWS,0.49
SCLN,3.05
TINY,278.50
BWA,1.40
BWC,1.00
BWG,N/A
CTLT,1.85
GLADO,N/A
TDI,0.55
MAS,1.00
MAR,8.03
MAT,1.51
MAV,N/A
SNN,3.47
HIVE,1.47
SNI,3.77
XRAY,2.42
MAC,11.05
ACLS,1.35
SNR,5.07
MAG,1.32
TDA,0.50
SNX,0.23
MAN,0.24
EVI,0.55
EVM,N/A
EVN,N/A
EVO,N/A
NMZ,N/A
EVC,2.30
EVF,N/A
EVG,N/A
EVY,N/A
DSWL,0.80
EVP,N/A
EVR,2.13
EVT,N/A
ESPR,N/A
EVV,N/A
LSG,1.44
GRP/U,N/A
WSBF,3.49
WSBC,3.65
SLRC,N/A
SLRA,N/A
FTCS,N/A
KKR,0.94
NTES,8.08
KKD,2.63
CTT,11.09
CTU,N/A
CTV,N/A
CTW,N/A
CTP,0.54
CTQ,N/A
CTR,N/A
CTS,1.28
SPPI,2.50
CTY,N/A
GWGH,1.82
CWEI,1.42
CTF,N/A
CTG,0.37
CTB,0.55
SPPR,0.14
CTL,1.21
SNA,2.26
MOBI,1.06
MOBL,5.65
QCCO,0.20
FCLF,3.25
GOODP,6.73
YOKU,5.39
HWCC,0.49
GOODN,6.81
GOODO,6.71
ORN,0.69
ORM,9.53
ORI,0.66
OCRX,332.82
EVER,2.32
ORC,6.57
EVEP,2.06
ORA,2.28
PSEC,N/A
FARM,0.94
FARO,2.85
PSEM,2.16
SIFI,2.89
FSYS,0.62
SIFY,1.07
MNDL,5.24
MNDO,2.84
CALX,1.22
CIEN,0.87
CALI,0.01
CALL,1.04
CALM,1.20
CALA,N/A
CALD,5.52
UTEK,3.67
ZAYO,6.13
AMZN,1.56
AGMX,N/A
SNV,3.27
ZIV,N/A
CVSL,2.45
XTLB,13.17
DAKP,4.39
DAKT,0.85
EGOV,3.87
NNBR,0.94
DXPE,0.40
DXPS,N/A
PFNX,10.46
GASS,1.85
USMD,0.44
ITRI,0.74
VG,1.00
RPRX,N/A
BOBE,0.98
SUBK,3.34
RICE,7.80
OVLY,2.59
XCO,0.67
CREE,2.10
CREG,1.88
DYNT,0.34
TSL,0.33
WYY,2.39
WYN,1.97
PGTI,1.52
SCCO,3.59
HBMD,2.19
ETFC,3.58
B,1.49
FPXI,N/A
SHIP,0.73
BSQR,0.55
VMO,12.38
VMM,N/A
VMI,0.91
TUP,1.16
VMC,2.99
VMW,5.86
ALCO,4.48
HCLP,4.35
CLGX,2.29
AGRX,N/A
STMP,5.12
AGRO,1.41
STML,691.04
KRNY,11.23
UNT,0.88
RDIB,1.18
BLCM,268.74
HMHC,1.91
ROKA,16.61
WHFBL,N/A
TSS,2.51
CCCR,3.05
OSTK,0.38
TANN,0.12
SKIS,1.03
MILL,0.51
CCCL,0.11
QSR,N/A
WIBC,3.97
PAR,0.40
WHLM,0.44
PAY,2.13
CKH,0.97
PAA,0.40
PAC,9.39
CKP,0.83
WHLR,1.81
PAH,4.95
PAI,N/A
PAL,0.40
KATE,2.27
DCO,0.38
DCM,1.73
PERF,0.16
DCI,2.02
ININ,2.55
PERI,0.58
LKFN,5.01
DCA,N/A
THRX,472.48
UAMY,3.97
PERY,0.44
AETI,0.64
DRRX,5.03
SGNT,2.96
SGNL,2.56
OII,1.47
IHS,3.58
OIA,N/A
IHC,0.42
OIS,0.79
IHG,4.93
IHD,N/A
CONE,3.43
AEP,1.84
AES,0.56
AER,3.10
AET,0.56
AEY,0.67
GBL,4.59
CVTS,N/A
CBSHP,2.35
GPRK,0.59
AEC,7.50
AEB,0.96
AEE,1.93
AED,1.04
AEG,0.28
LPCN,N/A
MHGC,1.06
AEK,1.15
AEM,3.58
AEL,0.80
GBX,0.62
BUR,1050.34
PRLS,6.23
TRXC,352.21
BUI,N/A
PRLB,8.10
MEET,1.42
BUD,3.93
MSCI,5.36
MSCA,8.31
MSCC,2.18
GNTX,3.65
MOS,2.11
IMKTA,0.24
ACNB,2.77
MOV,1.01
MOH,0.29
MON,3.58
MOC,0.16
RCON,0.59
MOD,0.39
ETR,1.29
KMF,N/A
ETP,0.42
ETV,N/A
ETW,N/A
ETX,N/A
ETY,N/A
KMI,2.60
ETB,N/A
KMT,0.86
ETF,N/A
ETG,N/A
ETE,0.50
ETJ,N/A
ETH,1.18
ETN,1.35
ETO,N/A
ETM,1.24
DLTR,1.63
LLEX,N/A
MDAS,1.59
RVP,3.65
SSRI,2.27
ROVI,3.53
RVT,N/A
BAGR,1.06
RLJE,0.15
UEIC,1.78
CVX,0.95
CVV,3.50
CVT,8.10
CVU,2.40
CVR,0.76
CVS,0.83
CVO,0.07
CVM,223.15
INTLL,1.00
CVI,0.30
CVG,0.76
CVD,2.39
CVE,0.83
CVB,N/A
CVC,0.83
CVA,1.61
MODN,3.34
RGSE,0.22
BIO,1.56
LUK,0.64
Y,1.34
ARDC,N/A
ARDM,3.80
IPKW,N/A
CNDO,N/A
ARDX,13.32
CANF,N/A
WDC,1.59
FATE,N/A
GRBK,N/A
WDR,2.23
WTSL,0.01
TTPH,139.74
NVSL,3.09
CIMT,2.03
ASBCW,N/A
BIS,N/A
JRVR,1.56
HCSG,1.72
ELMD,1.09
GTXI,N/A
LGCYP,2.33
PBR/A,0.36
LGCYO,2.25
EGAN,1.76
LVNTA,5.31
SCVL,0.51
LVNTB,5.56
UBOH,2.30
EGAS,0.78
ESTE,1.79
CGEN,56.53
GAME,2.23
REPH,N/A
PFLT,N/A
HDSN,2.13
SLB,2.06
AMFW,0.59
HUSA,23.80
VIAB,1.98
XEC,3.34
XEL,1.62
AXPWW,N/A
VIAS,0.27
HQY,15.70
IDSA,0.39
KOOL,2.59
TWI,0.26
TWN,34.43
TWO,6.22
HQH,N/A
GNMA,N/A
HQL,N/A
TWX,2.25
GNMK,20.10
VEEV,12.56
JTPY,1.01
SHOR,1.25
SHOS,0.12
SHOO,1.55
VSR,0.27
GFF,0.31
WBAI,7.63
TOUR,0.97
VSH,0.78
VSI,1.04
EOC,3.08
RYL,0.69
EOG,2.80
RYI,N/A
UBCP,2.45
EOI,N/A
EXLS,2.01
EXLP,2.19
EOS,N/A
EOT,N/A
EOX,0.51
ROIC,11.05
ROIA,0.17
STKL,0.58
OCAT,1455.26
ROIQ,N/A
PTX,3.19
PBHC,1.33
CUBIL,4.72
WILN,3.50
QQQ,N/A
SR,0.03
WILC,0.99
CMO,7.39
CMN,3.48
CMK,16.45
CMI,1.37
CMG,5.60
CME,9.66
PCQ,13.85
CMC,0.22
CMA,3.01
PCK,12.47
ASEI,2.34
PCI,N/A
PCN,13.13
PCO,7.96
PCL,5.62
PCM,8.51
CMU,N/A
CMT,0.63
CMS,1.39
PCG,1.63
CMP,2.42
INGN,5.64
UACL,0.65
VONV,N/A
FEIM,1.33
FLWS,0.61
VONG,N/A
VONE,N/A
INGR,1.03
MTEX,0.33
OKS,0.77
INZ,3.23
INT,0.07
GBIM,2.01
INS,1.23
INN,2.88
TENX,1001.59
NDAQ,2.24
UHS,1.35
IND,3.25
INF,N/A
ING,1.56
INB,N/A
GLO,N/A
AKS,0.12
AKR,11.11
AKP,N/A
ORIT,5.96
APAGF,2.75
FSBW,2.02
GLP,0.05
GLQ,N/A
GLT,0.56
GLU,N/A
GLV,45.12
ORIG,0.60
SCHW,5.91
BSX,2.59
QRHC,0.94
BST,N/A
VLCCF,5.30
BSL,N/A
BSI,0.05
CAR,0.77
SCHN,0.18
BSE,N/A
CISG,1.22
F,0.39
CTHR,1.02
KNDI,3.45
RDVY,N/A
MATR,3.77
AVY,0.76
SBR,8.68
SBS,0.91
ACPW,0.84
SBW,N/A
RCMT,0.44
MMU,N/A
MMT,N/A
SBY,8.18
MMP,7.77
MMS,2.15
MMM,3.23
MMI,2.25
MMD,N/A
SBH,1.20
SBI,N/A
MGYR,2.94
QUIK,4.72
ERW,N/A
ERS,0.07
KOF,1.51
CAC,2.84
ERF,1.29
ERA,1.30
ERB,5.40
ERC,N/A
KOP,0.29
KOS,3.26
ERH,N/A
ERI,N/A
ERJ,1.03
AVL,N/A
ADEP,1.84
ADES,1.47
CELP,0.77
FBNK,3.36
CELG,12.87
FBNC,2.52
UWN,0.33
USATP,N/A
AGNCB,49.93
WLFC,1.02
AGNCP,52.74
HYGS,3.39
EDGW,0.83
TCCO,1.04
MPX,1.67
FTGC,N/A
IEUS,N/A
GENE,2.17
GENC,2.20
TCCA,N/A
SPTN,0.13
ECOM,2.90
ECOL,2.53
PGH,1.40
ZSPH,N/A
RT,0.30
RP,3.89
RS,0.41
RY,3.45
RE,1.31
RF,2.47
RL,1.96
MOFG,3.48
RH,2.01
HBNC,2.58
EMDI,N/A
HBNK,4.28
LGCY,1.13
WFM,1.28
WFC,3.20
HZNP,7.60
WFD,3.74
CHTR,1.97
WFT,0.49
GGACW,N/A
GGACU,N/A
GGACR,N/A
EDAP,2.18
DISCA,3.28
DISCB,3.60
DISCK,3.17
NBY,26.46
NPSP,22.99
TEN,0.36
CACG,N/A
LXRX,171.68
KWEB,N/A
GRID,N/A
BTX/WS,54.94
TLMR,3.60
AGII,0.89
AGIO,77.08
MCBK,4.95
UTIW,0.29
MCBC,2.92
PLXS,0.55
ELON,0.76
NCMI,2.22
AXDX,16259.16
XNCR,96.65
SIMO,3.10
TVIX,N/A
TVIZ,N/A
HASI,22.61
CJJD,0.65
NSAM,24.10
KODK/WS,0.35
TEP,6.62
SRDX,4.79
PRH,0.23
ZEN,15.93
ZEP,0.48
SWHC,0.96
AUBN,3.33
PMFG,0.71
DXLG,0.62
MULT,N/A
CRIS,12.20
AKO/B,N/A
AKO/A,N/A
BPFH,3.11
SUNS,N/A
RGLS,91.49
AMDA,0.46
UCFC,3.72
BOFI,7.06
RGLD,18.71
SUNE,2.12
FNRG,119.04
PT,0.21
VICL,7.27
VICR,2.08
PX,2.95
DNP,N/A
HSC,0.55
OMAB,7.12
OMAM,1.80
HSP,2.35
BCBP,1.93
HST,3.37
HBM/WS,3.20
HSY,3.25
CTSH,3.32
IART,2.02
FSFG,2.03
BSMX,5.25
LVLT,2.46
TOWN,2.28
QURE,69.50
SYA,1.12
SYF,3.86
SYK,3.63
SYN,N/A
DLIA,0.00
VNCE,2.57
SYT,2.11
SYY,0.50
SYX,0.15
TOWR,0.21
EME,0.40
EMD,11.48
RGR,1.18
RGS,0.48
RGT,N/A
EMC,2.35
EML,0.79
EMO,N/A
EMN,1.10
EMI,N/A
EMJ,14.13
RGA,0.52
RGC,1.12
EMQ,0.15
EMR,1.68
EMZ,N/A
SMSI,1.88
STIM,N/A
LDF,N/A
DCTH,11.34
LDL,1.02
IMNP,18813.06
LDR,1.96
OLED,6.44
LDP,N/A
CLCT,2.95
FBSS,2.87
AFFX,2.31
OSHC,2.82
ULTA,2.67
ULTI,8.25
NQU,N/A
ULTR,0.69
WINA,6.81
COP,1.32
COR,3.53
COT,0.34
COV,4.40
PEP,2.16
PER,2.20
PES,0.23
KLXI,N/A
COB,2.70
PEI,3.79
COG,6.03
COF,2.31
PED,2.60
COH,2.13
PEG,2.07
HLSS,5.31
COO,4.57
DKS,0.95
PENX,0.53
COCO,0.00
PENN,0.46
MTGE,4.73
UFI,0.77
CVRR,0.22
SGBK,5.22
OEC,0.62
UFS,0.43
TYPE,5.84
MKC,2.25
GNW,0.37
GNT,N/A
AIZ,0.45
AIT,0.66
AIW,6.87
AIV,6.00
AIQ,0.51
AIR,0.53
GNC,1.45
AIN,1.48
GNE,0.50
AIG,1.08
AIF,N/A
AIB,N/A
NSH,444.62
NSL,10.62
NSM,1.66
NSPR,10.17
MNST,8.12
NSC,2.71
CBDE,0.24
NSP,0.39
NSR,1.56
NSS,4.30
NSPH,1.99
VOLC,2.34
SDT,2.25
RCKY,0.37
SATS,1.36
HOTR,0.49
SDR,2.09
ACRX,9.09
ACRE,5.38
ONNN,1.40
QTNTW,N/A
HSNI,1.11
PARN,10.00
FTEK,0.93
EPR,9.52
EPM,13.32
PARR,0.19
EPD,1.21
EPE,1.00
WAFD,4.33
LYV,0.71
CENT,0.28
LYG,2.70
LYB,0.81
ADGE,3.70
BWLD,2.35
VYFC,2.88
BQH,N/A
WLDN,0.92
TTHI,N/A
BURL,0.78
ONFC,1.70
DNBF,2.48
VWOB,N/A
BDGE,4.25
SFG,0.95
SFE,N/A
FMNB,2.87
NXTD,N/A
KST,N/A
PPHMP,178.42
GNRC,2.16
NXTM,3.90
SILC,3.23
KMDA,1.81
SHPG,7.16
PFBI,2.17
SEED,0.45
QYLD,N/A
OCLR,0.45
NFBK,8.11
TLOG,N/A
EXAM,2.19
PBSK,3.48
HTWR,5.28
HTWO,N/A
CCXI,419.05
PLAY,1.72
LSTR,0.96
PFPT,9.84
YUM,2.32
GAIN,N/A
JWN,1.09
GAIA,1.10
BLDP,3.02
RPTP,9.79
NGLS,0.56
RJET,0.49
LIOX,0.63
LION,1.76
AMZG,0.31
CMFN,N/A
BRSS,0.15
QEPM,6.81
VBTX,3.37
XYL,1.59
SBNYW,N/A
VIEW,0.44
TSN,0.40
TSO,0.21
GUA,0.09
TSM,5.41
TSI,N/A
WBMD,2.60
TSE,0.13
TSC,3.73
LPTN,8.94
LPTH,1.56
GRFS,5.91
GUT,N/A
AVOL,2.74
TST,1.27
TSU,1.46
LTRX,0.67
TSQ,0.61
OMCL,2.57
PGRE,N/A
HUM,0.49
HUN,0.47
UGLD,N/A
MSTX,N/A
OPXA,17.17
KVHI,1.19
FFIV,5.29
MSTR,2.91
FFIN,6.33
FFIC,3.59
SAIC,0.61
SAIA,0.97
PSCF,N/A
VWR,0.73
REX,0.71
RES,1.06
BOSC,0.17
REV,0.88
MTB/WS,3.51
REI,6.57
REN,0.16
REG,11.35
REE,N/A
FCS,1.31
FCT,N/A
LFC,1.72
FCX,0.86
LFL,0.48
CLAC,N/A
STWD,9.49
SMMF,1.65
FCB,5.61
PWRD,1.58
FCF,3.33
FCH,1.41
FCN,0.87
FCO,N/A
FGEN,14.21
MIFI,1.03
SP,N/A
SU,1.17
ST,3.74
SO,2.49
SN,0.83
SM,0.89
SC,2.72
SB,1.70
SA,N/A
SF,1.41
SE,3.77
SD,0.33
IBM,1.57
IBN,4.30
IBO,N/A
CAS,0.13
IBA,0.86
IBB,N/A
CAP,1.97
CAW,0.60
CAT,0.92
CAK,N/A
CAJ,1.15
CAH,0.30
CAM,0.75
IBP,1.14
CAB,1.07
CAG,0.87
CAF,N/A
CAE,1.73
INCR,2.09
PGC,2.70
PGN,0.09
INCY,25.41
FEUZ,N/A
PGI,0.74
DYN,1.66
PGR,0.82
PGP,N/A
PGZ,N/A
ZION,2.29
PRGNL,N/A
ZIOP,661.90
UDR,10.41
OGS,N/A
UDF,6.47
OGE,2.81
MIK,0.97
MIL,0.28
GRUB,12.82
MIN,N/A
MIC,4.15
MIE,N/A
GHY,N/A
MIG,0.54
RCII,0.56
MIY,13.24
GHC,N/A
GHL,3.99
FSFR,N/A
GHI,N/A
MIW,N/A
NQS,N/A
NQP,N/A
AOD,N/A
CBFV,4.38
AON,2.24
AOL,1.44
RIBT,1.01
AOI,0.06
OREX,19.01
MEOH,1.22
NQI,N/A
NQM,N/A
ZFGN,N/A
XUE,0.44
SFY,0.16
ACTS,2.43
QUMU,1.42
SFS,0.33
UFCS,0.75
SFN,0.79
SFL,4.24
SFM,1.80
ACTA,8.57
SAVE,2.73
SFB,N/A
ACTG,6.76
KSU,4.73
BAMM,0.05
KSS,0.63
CKEC,0.95
KSM,N/A
HAWKB,1.35
CPXX,N/A
JCS,0.77
ADAT,6.65
ENBL,1.88
RIBTW,N/A
CBS/A,1.85
MLAB,4.07
SPHS,N/A
CYCCP,57.89
LBRDK,61.13
APPY,630.20
LBRDA,61.49
MDGN,N/A
QTM,0.77
ARNA,33.37
VTA,N/A
CADT,N/A
WBS,3.41
LOV,1.28
DWSN,0.34
SINO,0.88
CHXF,N/A
WBB,3.86
WBC,1.92
WBK,5.23
SINA,3.03
SYRG,9.78
TUMI,2.98
CNBKA,2.76
AKAO,10.14
AKAM,5.60
GLRI,7.60
BEAT,1.88
BEAV,1.53
VTR,7.62
BBEPP,2.92
GTU,N/A
NFLX,3.75
AGEN,57.99
BLVD,N/A
IRWD,48.49
ROIQU,N/A
ROIQW,N/A
BNDX,N/A
FITB,2.60
AWRE,4.02
HAWK,1.38
XGTI,12.67
ESRT,3.02
HVB,4.84
CRMT,0.89
ESRX,0.62
CRMD,492.06
KLAC,3.77
PMBC,4.18
OKSB,3.50
IXYS,1.07
HWKN,1.19
DSS,0.88
EBTC,2.75
LIME,0.17
UCBA,3.41
DSL,N/A
UCBI,3.76
CYTK,5.40
MPWR,6.56
GWB,3.14
VNOM,23.56
ATLS,0.40
ATLO,5.34
GWW,1.65
GWR,2.75
TMH,1.47
TMK,1.68
ATLC,0.25
TMO,3.13
NSIG,N/A
OMED,13.72
NJR,0.72
OMEX,4.39
NJV,N/A
NSIT,0.19
OMER,1461.10
N,15.25
EARN,6.58
CADC,0.16
FFKT,2.09
FFKY,0.64
EARS,N/A
WVVI,1.94
EIP,12.90
EIV,14.05
EIX,1.67
KRFT,2.14
RCS,N/A
RCL,2.24
RCI,1.79
EIG,0.88
TQQQ,N/A
RCG,N/A
EIM,N/A
EIO,N/A
LEDS,1.91
KGJI,0.06
IMRS,1.22
FAV,N/A
NTLS,0.17
FAM,N/A
FAC,0.38
FAF,0.79
PDLI,2.55
MS,1.98
VECO,3.50
RVLT,1.80
NXZ,13.02
PINC,1.33
MIDD,3.44
UCP,0.42
FRBA,3.12
CCZ,5.27
CCU,1.62
FRBK,3.36
CCV,0.96
OAK,12.44
CCS,1.12
CCM,1.91
CCL,2.22
CCO,1.17
CCI,7.71
CCK,0.71
CCJ,2.55
CCE,1.22
CCG,3.10
CCF,1.43
CCA,12.24
CCC,1.88
PIH,3.04
PII,2.10
PIM,N/A
INAP,1.34
FLIR,2.81
PIY,N/A
RPI,N/A
PIP,8.75
PIR,0.81
FLIC,4.75
VCYT,5.46
UBP,5.95
UBS,2.18
ARQL,6.93
UBA,7.18
MAIN,9.22
URRE,N/A
MWR,N/A
MWW,0.48
MWV,1.32
DGLD,N/A
GJV,N/A
GJT,N/A
CHCO,3.68
GJR,N/A
CHCI,0.36
GJO,N/A
MWA,1.30
MWG,N/A
MWE,4.87
DGLY,2.57
MWO,N/A
AMH,10.60
CVLT,3.56
NWS,0.97
AMC,0.98
AME,3.02
AMD,0.33
AMG,4.38
NWE,1.84
NWL,1.78
AMP,1.87
NWN,1.77
AMT,9.55
NSTG,5.53
UPLD,2.31
WMGIZ,N/A
AHGP,1.47
CYNO,2.23
AVX,1.53
CYNI,1.50
TI/A,0.73
WABC,6.00
POWI,4.19
KORS,3.46
PRTS,0.27
GSIG,1.22
PRTA,10.73
MEMP,2.79
PRTK,96.39
PRTO,64.11
EPIQ,1.28
BYLK,2.75
CNLI,N/A
SPNS,2.10
DERM,N/A
SVVC,78.42
SPNC,7.34
TX,0.36
TY,N/A
TV,3.45
TW,2.21
TU,2.09
TR,3.35
TS,1.54
TM,0.92
TK,1.57
TI,0.73
TG,0.72
TD,3.10
TE,1.68
TC,0.34
TA,0.06
AA,0.76
AB,12.16
AE,0.05
AG,2.99
AF,3.06
AI,7.18
AM,73.23
AL,3.35
AN,0.34
TSRI,0.17
AP,0.69
AR,5.84
AU,0.84
AT,0.56
TSRO,N/A
AV,0.45
TSRA,6.43
TSRE,5.60
ISRG,9.04
UBNT,4.23
ARLP,1.26
RRMS,0.89
CZWI,2.20
WLT,0.05
WLH,0.75
AUY,2.14
GNVC,18.52
WLK,1.74
WLL,1.05
SBAC,9.60
FALC,1.26
WLB,0.54
NXPI,3.57
TEVA,2.38
GLPW,0.42
APRI,6.84
EHIC,4.93
BECN,0.53
TGEN,3.94
GLPI,6.08
SEAS,1.03
CSWC,51.38
SEAC,1.70
TKAI,N/A
DCOM,4.09
NYRT,12.85
JMBA,1.25
SBLKL,44.53
VRML,24.35
EMF,N/A
KCAP,4.07
BNFT,5.37
DHF,N/A
FIVE,2.88
LHCG,0.78
UTMD,5.28
FIVN,2.09
RADB,N/A
RADA,1.00
CROX,0.73
AUDC,1.46
BAS,0.16
JSD,N/A
BAP,3.82
JSM,3.20
ASPN,1.47
JST,0.36
DXJS,N/A
ASPS,0.36
RPXC,2.64
MBVT,3.10
ASPX,N/A
AXJS,N/A
XNET,2.93
VIIX,N/A
MARA,4.89
VIIZ,N/A
MARK,20.49
MYOS,4.39
BAA,0.37
TOT,0.52
TOO,1.90
TOL,1.49
LMOS,1.77
BELFB,0.69
BGCA,3.53
NHF,N/A
NHC,1.03
HIW,7.07
STRZB,1.77
STRZA,1.77
NHI,14.85
BAK,0.26
DOW,0.87
HIE,N/A
NHS,N/A
HIG,0.70
HII,0.78
HIL,0.36
HIO,N/A
NVEEW,N/A
SAMG,2.55
NTRSP,1.40
CISAW,N/A
EGY,1.77
EGP,9.64
EGT,0.77
XONE,5.23
EGI,N/A
EGO,4.91
EGN,2.47
EGL,0.53
CLIR,1356.89
EGF,N/A
IMPR,3.77
RAD,0.27
IMPV,7.62
EXTR,0.54
LBY,0.84
LEJU,4.70
FGP,0.79
SFXE,1.01
SMIT,0.67
FGL,N/A
RAS,2.50
LBF,N/A
FGB,N/A
BFK,12.49
BFO,26.09
RVNC,653.91
BFS,5.84
BFR,2.14
BFZ,13.79
BFY,13.34
OZRK,8.52
OSBC,1.77
IFT,10.46
IFV,N/A
OCN,0.45
OCC,0.44
IFF,2.79
IFN,N/A
OCR,1.13
CEF,N/A
CEE,N/A
CEB,2.53
PKT,2.13
CEO,1.30
CEN,N/A
PKX,0.34
CEL,0.52
ASMB,N/A
CET,67.05
PKG,1.35
PKD,0.33
PKE,2.61
ASMI,3.78
PKI,2.17
PKO,N/A
NEN,0.15
ASML,5.78
SYMC,2.57
VJET,8.53
SYMX,3.03
OUTR,0.59
STV,2.29
RBIO,N/A
ARWR,2049.81
HFBL,2.90
ACXM,1.32
STR,3.68
MUS,N/A
MUR,1.49
MUX,9.00
HFBC,2.78
MUE,N/A
MUA,N/A
HIBB,1.32
MUC,14.13
MUI,N/A
MUH,N/A
MUJ,N/A
ASR,97.34
AST,760.87
NUV,N/A
NUW,N/A
ASX,1.27
GKNT,0.36
NUS,0.83
ASC,5.41
NUO,N/A
ASA,91.76
NUM,N/A
ASG,156.12
NUE,0.67
ORAN,0.90
SIEN,5.77
DUK,2.43
SWSH,0.18
DUA,N/A
QCRH,1.67
DUC,N/A
EHTH,0.89
R,0.70
KCLI,1.10
NCR,0.67
OXLC,N/A
CRME,6.44
LODE,3.29
HSTM,4.63
PATK,0.62
PTLA,139.39
KWK,N/A
KWN,8.44
KWR,1.40
MKC/V,2.25
ENFC,3.26
TRVN,N/A
GSOL,1.00
MUSA,0.20
CNNX,10.67
RMBS,3.90
CRRS,0.16
SPLK,16.16
SPLP,0.52
SPLS,0.48
HPTX,4.86
CETV,0.47
FXENP,21.78
ADMA,20.55
NAII,0.46
MWIV,0.82
ADMP,N/A
DSKX,0.92
ADMS,4.42
ISTR,3.48
SBCP,8.46
SBCF,3.47
WNC,0.47
FANG,8.18
PGEM,0.63
MHI,N/A
WNR,0.21
WNS,2.23
AKER,4.49
APTO,N/A
APTS,N/A
QCOM,4.48
GYRO,1.23
MVNR,2.90
WDFC,3.25
MHY,10.62
CSUN,0.05
DCIX,3.12
ELGX,6.48
IGC/WS,3.14
BLRX,N/A
SNFCA,0.35
ESMC,0.91
ANF,0.48
NVEE,0.61
NVEC,11.56
NNVC,N/A
CCRN,0.65
SRLP,0.10
CMCSK,2.11
CMCSA,2.12
ZHNE,0.42
PPC,1.05
CIX,1.35
PPG,1.94
CIG/C,0.86
NRIM,2.38
PPO,2.82
JQC,N/A
PPL,2.25
PPS,9.03
PPR,N/A
PPP,2.81
NGVC,1.14
PPT,N/A
PPX,N/A
AXLL,0.61
MAPI,N/A
PETM,1.16
ZPIN,4.25
TNGO,2.15
SGYP,N/A
TMP,3.23
GSS,0.21
BG,0.22
BA,1.03
BC,1.19
BH,1.07
BK,2.69
BT,1.72
BV,3.44
GSB,1.95
BP,0.29
BR,2.15
GSF,0.33
GSI,0.02
GSH,1.42
GSK,2.77
GSJ,0.34
GSM,1.48
GSL,1.91
NNN,12.84
AVID,1.02
DBVT,161.16
NNI,2.29
NNC,14.20
ATHN,7.45
NNA,2.31
AVIV,10.76
NNY,N/A
ATHX,61.80
NNP,N/A
SENEA,0.22
SENEB,0.26
NSU,1.66
SQI,3.62
SQM,2.97
RHP,2.74
BSET,0.63
EEQ,N/A
EEP,1.61
EEI,0.32
C/WS/B,2.05
C/WS/A,2.05
EEA,N/A
LLY,3.67
ROK,2.15
ROL,3.36
WEYS,0.94
ROC,N/A
ROG,2.32
ROX,5.34
LLL,0.88
EZCH,6.74
UBIC,6.51
BDE,1.04
BDC,1.56
BDL,0.66
BDN,5.04
BDJ,N/A
BDR,0.40
CUBI,3.25
BDX,3.20
SDLP,1.01
MIXT,1.60
UL,1.96
UN,1.97
UG,6.30
QLYS,9.53
UA,4.81
GBSN,9.06
IDT,0.30
IDN,1.16
IDI,11.33
IDG,3.24
IDE,N/A
TEDU,4.83
BGFV,0.28
IDA,2.63
PMT,3.77
CGO,N/A
CGA,0.21
PMX,N/A
CGG,0.31
PMD,2.74
PME,0.96
PMF,N/A
PMC,0.41
PML,N/A
PMM,N/A
PMO,N/A
LLTC,7.54
FEN,N/A
FEO,14.24
FEI,N/A
FET,0.90
FES,0.04
HNSN,3.92
MAMS,2.80
COLM,1.51
ARUN,2.35
DRNA,N/A
DRE,5.93
MSZ,N/A
NEWM,1.24
MSP,N/A
MSO,1.78
MSN,0.39
MSM,1.64
MSL,1.86
MSK,N/A
MSJ,N/A
MSI,2.60
NEWR,16.94
NEWS,6.77
NEWP,1.23
MSD,N/A
MSB,8.93
MSA,1.58
AQQ,N/A
ORCL,4.91
YDKN,4.80
JCOM,5.04
COKE,0.51
THFF,2.92
FCCY,2.61
ABBV,5.11
DWA,2.78
LFVN,0.60
EQIX,4.91
VTHR,N/A
GTIV,0.36
GTIM,1.88
NRCIA,3.29
NRCIB,8.84
KRA,0.51
KYO,1.34
KYN,N/A
VRTA,N/A
VRTB,4.87
KYE,25.47
PTNR,0.49
PTNT,N/A
GFED,2.57
VRTS,2.87
VRTU,2.66
VRTV,0.12
ENDP,4.51
MEIL,1.81
NYV,N/A
CBLI,2.50
MOSY,20.12
MNKD,N/A
TRTL,N/A
BYM,N/A
MEIP,N/A
BYD,0.49
PRPH,1.12
JOEZ,0.13
VLRS,1.03
CRTO,2.93
CRTN,0.54
AGX,1.31
ICUI,4.18
IDCC,4.48
LNKD,13.09
IPWR,29.77
TPUB,0.32
CEVA,6.87
CPRX,N/A
BAC/WS/B,1.89
CPRT,3.77
WPCS,0.13
VBF,N/A
WEBK,2.73
ITUB,2.61
WHF,N/A
WHG,4.21
UNH,0.78
WHR,0.80
TASR,8.40
TAST,0.43
WHZ,1.94
V,12.52
EIA,N/A
IMUC,N/A
IRDMZ,N/A
IRDMB,76.90
GV,0.64
PLBC,1.58
SEMI,0.81
SEMG,1.27
IRIX,2.15
TKMR,N/A
PTSI,1.12
UTSI,0.83
KEYS,N/A
KEYW,1.28
FAX,N/A
NVGS,3.15
ANTM,0.50
NVGN,46.07
ANTH,N/A
BIND,11.53
SRNE,90.55
RUTH,1.26
FIZZ,1.61
EMXX,23.07
VIMC,2.16
CVGI,0.22
WCIC,1.38
PRE,0.85
ASTI,2.78
ESXB,1.99
PRA,3.06
JOY,1.09
PRO,4.33
ASTC,2.94
PRI,1.96
ASTE,0.82
PRK,4.22
PRU,0.74
JOB,0.56
MBRG,2.38
JOE,2.08
JOF,N/A
RELL,0.98
FCZAP,4.66
PRY,N/A
INXN,4.73
TFSCR,N/A
ROCK,0.55
ATK,0.75
SNE,0.34
SNC,3.00
AMRN,3.80
SNAK,0.87
BWINA,1.19
AMRI,2.11
AMRK,0.01
AMRE,9.96
AMCX,2.22
BRKL,3.46
AMRB,3.60
AMRC,0.48
BRKS,1.62
BRKR,1.67
SUPN,3.67
MTRX,0.34
AMRS,3.16
ISL,N/A
SNH,5.83
TKF,N/A
MAA,6.21
NLS,1.77
AVGO,6.03
HMY,0.91
NLY,5.35
MYCC,1.29
DEST,0.40
HMN,1.22
MAB,N/A
TKR,0.82
LPLA,0.93
HME,6.00
HMG,173.41
HMC,0.54
DLB,4.38
DLA,0.17
SNP,0.20
GSV,N/A
CRESY,0.93
HWAY,0.96
DLX,1.82
CRESW,N/A
SSY,0.13
SSW,2.46
SAAS,3.53
SSP,1.35
SSS,10.45
SSL,1.20
SSN,1.83
SSI,0.43
SSH,741.76
LARK,1.89
SSD,2.08
SNY,2.85
TBRA,N/A
SSB,3.52
MFNC,2.76
TCPI,0.39
EVJ,N/A
EVK,0.21
WSM,1.50
ECF,N/A
RMP,N/A
ECC,N/A
ECA,1.32
RDS/B,N/A
LNT,2.24
SMACR,N/A
SMACU,N/A
ALQA,23.74
BWL/A,N/A
LNN,1.63
EXPO,3.65
ECR,9.13
RMD,5.33
LND,3.53
LNG,61.04
EXPE,1.88
EXPD,1.30
BBN,N/A
BBL,1.62
BBK,N/A
BBG,0.88
BBF,N/A
GSVC,N/A
BBC,N/A
TRIB,4.03
BBY,0.29
BBX,1.90
BBW,0.94
TRIV,7.09
TRIP,8.11
BBP,N/A
TPLM,0.69
VSLR,44.15
FRA,N/A
NBIX,3185.96
NKSH,4.23
CYS,1.41
CYT,1.55
POT,4.72
MRKT,4.46
POL,0.82
POM,1.42
CYD,0.27
CYH,0.33
CYN,3.24
SMED,2.37
TSEM,0.97
FWRD,1.90
CFRX,N/A
KIRK,0.85
CHEV,5.12
NPBC,4.22
HIFS,4.11
DGRW,N/A
DGRS,N/A
CHEF,0.65
HFFC,2.18
DGRE,N/A
VLY,3.84
AWX,0.21
FSNN,0.28
AWP,N/A
AWK,3.29
MQT,N/A
AWI,1.01
AWH,1.47
MQY,N/A
AWF,N/A
FCAP,2.94
FCAU,N/A
GLOB,2.40
PXLW,1.69
GLOP,5.16
FCAM,N/A
TTF,N/A
OAS,0.93
LMIA,0.45
CSLT,22.19
WAFDW,N/A
SQNM,2.14
VTNR,0.34
SQNS,3.43
ZF,45.17
EGRX,12.35
CBNJ,2.52
EGRW,N/A
HALL,0.62
HALO,30.70
BBOX,0.34
CRVP,0.20
OVAS,N/A
ACCO,0.53
WCRT,N/A
SWJ,0.35
CRVL,1.43
SWN,2.10
VNRCP,2.89
CI,0.82
CH,N/A
CO,3.17
CM,2.80
CL,3.58
CB,1.70
CA,3.07
CG,0.36
CF,2.96
CE,1.25
CY,3.14
CX,0.84
CS,1.45
CR,1.11
CP,5.35
CW,1.19
CU,N/A
BIOA/WS,97.56
QQQC,N/A
NAME,0.67
GFNCP,9.10
HUBG,0.36
OILT,13.80
ISHG,N/A
BDMS,0.42
HUBS,9.81
QQQX,N/A
LXFR,0.81
SYKE,0.75
LXFT,2.82
ZNGA,3.47
TWTR,19.79
SBGL,1.17
TUES,0.96
SBGI,1.31
WMS,1.11
EFUT,0.54
PSUN,0.24
VA,1.10
VC,0.53
VE,N/A
TGS,1.04
VR,1.63
VZ,1.56
WMT,0.58
WMK,0.46
RBPAA,1.82
LAMR,4.12
ALLE,N/A
HCAP,N/A
ALLB,4.74
TGC,1.17
IROQ,3.64
RVM,2923.66
EEML,N/A
ALLT,2.61
DGICA,0.75
DGICB,1.03
HCAC,N/A
EEME,N/A
EEMA,N/A
ALLY,1.50
NVAX,45.23
CTX,N/A
PBYI,N/A
SRPT,39.68
CCNE,3.04
SURG,1.76
CTC,N/A
PTN,5.60
CTO,8.45
INTC,3.18
JMP,0.83
INVT,49.98
PTC,2.87
KLIC,1.90
JMT,N/A
INVN,4.25
JMI,N/A
PTY,N/A
JMM,N/A
INVE,1.71
JMF,N/A
PTR,0.55
PTP,3.00
MATW,1.36
AMPH,2.41
SNCR,3.80
MATX,0.88
AMPE,3063.57
PCMI,0.08
FNFG,2.03
BREW,1.06
IMS,3.29
ACAD,29446.15
SUN,N/A
ZEUS,0.11
SUI,7.24
ACAT,0.58
ACAS,8.64
SUP,0.66
JBLU,0.75
TEI,N/A
ATTU,4.76
TEL,1.82
AVEO,2.34
LPNT,0.74
TEO,1.03
NBS,7.43
NBR,0.44
NBW,N/A
TEF,0.92
INTX,0.25
TEX,0.34
NBH,N/A
NBO,N/A
NBN,2.53
NBL,3.01
ATTO,0.36
NBB,N/A
TER,2.44
NBG,2.58
TEU,0.42
NBD,N/A
CORE,0.18
DNB,2.48
DNN,47.89
DNI,N/A
CORI,2.97
RENN,10.01
CORT,13.55
RENT,9.99
CORR,N/A
DNR,0.90
Z,13.25
DNY,N/A
TBPH,51.29
BSAC,4.11
GJH,N/A
TCRD,N/A
MFLX,0.46
DISH,2.23
RKT,0.87
WIRE,0.56
EAA,N/A
EAC,0.25
EAB,0.52
EAE,0.49
EAD,N/A
ALSN,2.67
ALSK,0.25
EAT,1.30
HOG,2.17
CIDM,1.06
HON,1.88
HOV,0.00
HOT,3.96
TROX,1.35
HOS,1.21
TROW,5.40
TROV,398.75
KELYB,0.11
KELYA,0.11
KYTH,N/A
NDSN,2.77
KITE,N/A
ICLN,N/A
LTRE,0.21
ICLD,0.63
EVHC,1.51
NWY,0.16
IDXX,5.07
CVLY,2.39
AEHR,1.48
ICLR,2.38
AMX,1.37
FIS,2.80
RDCM,4.02
LHO,3.98
ADTN,1.87
FIX,0.44
IFNA,N/A
FIF,N/A
FIG,1.08
CLWT,0.26
MWRX,N/A
FII,3.61
AMS,0.84
OXFD,5.26
CHKP,10.12
CHKR,2.38
CHKE,4.57
SZMK,1.08
WY,2.20
FSLR,1.28
MAGS,1.31
TGLS,1.16
DSX,3.11
MRIN,2.72
DSW,1.30
DST,1.33
DSU,N/A
GLMD,N/A
DSM,N/A
PEBK,2.20
DSE,N/A
PEBO,3.24
COOL,0.19
ORB,1.19
EPAX,1.04
EPAY,2.63
EDUC,0.68
EPAM,3.17
LOJN,0.29
HABT,1.51
MNOV,13.48
CBPX,1.73
AUQ,3.76
CBPO,7.21
GNCMA,0.68
FMBI,3.18
FMBH,1.57
SOFO,0.90
BJRI,1.48
VNRAP,3.34
XNPT,12.34
CERE,4.49
CERN,6.88
NCLH,3.09
CERU,1815.93
CERS,12.57
RGCO,1.35
VFL,N/A
VFC,2.59
TRMK,2.61
WTR,6.03
WTS,1.30
WTT,1.31
WTW,0.67
WTI,0.45
WTM,1.53
UNAM,2.07
PTBIW,N/A
SPEX,943.79
IACI,1.70
LAKE,0.64
IVAC,2.31
IVAN,N/A
OFLX,4.11
RZA,0.18
RTN,1.45
RTI,0.85
RTK,0.65
SEIC,5.28
ALNY,202.96
PLNR,0.91
HCCI,0.75
G,1.96
FDML,0.28
CCLP,2.48
RALY,3.43
NVCN,32.70
SKBI,0.80
OGEN,25.42
ISR,18.80
PCOM,0.63
TFSCU,N/A
TFSCW,N/A
STNG,5.90
ISH,0.35
ISM,N/A
TNAV,1.99
ISG,3.18
ISF,3.20
ISD,N/A
JKS,0.37
PVA,0.72
PVG,N/A
PVH,1.11
MZOR,10.35
FRC,4.24
IRMD,10.77
FRD,0.36
FRO,0.59
FRM,0.55
FRS,0.66
FRP,0.42
HMST,0.97
FRT,14.43
HMSY,3.99
SNMX,7.99
UUU,1.28
SWI,8.94
DO,1.50
DL,5.63
DM,6.81
SWM,1.50
DK,0.19
GSIT,2.30
DF,0.19
DG,1.08
DD,1.88
DE,0.84
DB,1.08
MGLN,0.44
SWY,0.22
SWX,1.42
VNQI,N/A
SWZ,N/A
PPSI,0.73
DX,8.64
DY,0.60
DV,1.38
DW,1.00
SWS,N/A
SAEX,0.16
SWU,N/A
DQ,1.13
SCOK,1.29
TGP,7.50
GYC,N/A
GYB,N/A
TGT,0.65
TGB,0.47
LPHI,0.64
TGA,0.68
ATVI,3.07
TGD,1.14
TGE,0.40
TGH,3.28
TGI,0.84
MYGN,3.87
INTG,0.68
VCRA,2.39
DHI,1.05
DHG,N/A
INTL,0.78
INTU,5.33
INTT,1.06
DHY,N/A
DHX,2.01
DHT,7.09
XCRA,0.97
DHR,2.92
ESSA,2.86
GIGM,4.32
GIGA,0.62
OPLK,1.98
GCVRZ,N/A
WG,0.12
QAT,N/A
WD,1.75
WB,8.63
ANV,0.38
WM,1.69
WK,2.71
WU,1.58
WR,2.13
MFRM,1.30
ULBI,0.79
MFRI,0.20
WX,4.04
ANW,0.10
RIT,N/A
RIO,1.56
RIF,16.59
RIG,0.58
RIC,1.42
BNY,N/A
TRMR,0.75
HAL,1.00
BNS,3.25
HAE,2.04
BNK,4.74
BNJ,N/A
TRMB,2.64
CIFC,35.35
RNET,2.04
HAR,1.17
HAS,1.53
ZLTQ,6.69
WLKP,0.33
HELE,1.59
CNSL,1.98
HELI,0.10
CNSI,0.72
ROYT,3.32
IIVI,1.11
WBS/WS,3.41
RCAP,0.38
FOR,1.54
CLUB,0.35
FOX,2.18
SYUT,0.74
SMAC,N/A
FOE,0.65
FOF,N/A
BXMT,17.59
PDFS,4.91
CPIX,2.93
ROYL,8.76
GULF,N/A
QINC,N/A
EQCO,N/A
FSRV,0.71
GOLD,6.37
CASM,1.44
PZZA,1.60
CASI,N/A
CASH,2.11
ADVS,4.69
CASS,4.89
CASY,0.47
MRGE,1.69
COMT,N/A
ABDC,N/A
COMM,1.01
FEYE,14.36
SAQ,5.73
FCEL,1.72
VDSI,4.66
BYFC,2.46
QADB,0.96
FHCO,4.42
SQBG,11.04
VTRB,N/A
CBRX,1.76
CBRL,1.16
BNSO,0.23
VLTC,0.31
RRGB,1.01
BIO/B,1.56
CRZO,2.79
ONTX,33.42
CGNX,6.79
SODA,0.69
SPDC,1.52
MBII,6.49
GJS,N/A
ADXS,240.66
DSCO,64.35
DSCI,2.63
WATT,N/A
GJP,N/A
MDSO,6.98
BOKF,2.91
MDSY,4.88
AMKR,0.51
TPX,1.10
ISLE,0.43
PNC/WS,2.86
CFRXZ,N/A
EFII,2.22
CFRXW,N/A
PZZI,1.71
USDP,11.72
AGIIL,N/A
NCTY,2.02
OPWR,5.55
BKEPP,1.40
SHBI,2.41
HBHC,2.41
RAND,11.56
ISRL,4.04
AGYS,2.45
RRD,0.28
RRC,3.75
BDCV,582.04
MCRL,3.01
MCRI,1.64
NYLD,3.72
QVCA,1.14
QVCB,1.18
BCOM,0.23
BRG,5.17
BCOV,1.90
BCOR,0.83
NVMI,2.37
BIDU,10.52
QLIK,4.84
CMTL,1.52
LIQD,4.05
PVCT,N/A
GBDC,N/A
USB,4.08
USA,N/A
USM,0.78
ROP,4.26
LIQT,1.74
IQI,N/A
LDOS,0.59
VISI,0.12
VISN,0.40
PCAR,1.21
AURX,N/A
PXD,4.65
FPF,N/A
STFC,0.74
FPL,N/A
FPO,4.57
FPI,24.16
FPT,N/A
FPP,1.23
AMTX,0.39
SNOW,0.88
AMTG,3.97
AMTD,5.80
PNRG,1.15
PNRA,1.82
SIR,7.31
JBHT,1.52
POPE,2.83
SIX,3.51
SAGE,N/A
SIG,1.97
SIF,1.29
MGNX,15.28
SID,0.38
SIM,0.82
ACET,1.15
TAT,1.17
TAP,3.29
TAS,N/A
AVAV,2.34
TAX,2.94
AVAL,2.66
TAC,1.15
TAL,2.15
TAI,N/A
FLXN,N/A
FLXS,0.53
COVR,1.59
COVS,1.01
CTCT,3.60
CTCM,0.93
AFL,1.13
KBH,0.51
KBR,0.33
EFSC,2.97
SNPS,3.16
NFG,2.66
HCP,10.09
MHLD,0.42
BLX,7.27
HCT,9.04
IGLD,0.04
BLT,0.82
BLW,N/A
BCRX,41.90
NSEC,0.55
TRCO,3.21
HCC,1.98
HCA,0.84
GCO,0.62
BLK,5.18
TRCH,2.47
HCJ,1.09
MANT,0.62
BCRH,N/A
HCN,8.45
TRCB,2.27
NFX,1.40
PRGO,5.21
PRGN,0.84
PRGS,3.85
PRGX,0.84
EVLV,0.54
BANFP,N/A
IDTI,4.99
RBCN,2.18
FRNK,6.87
OUT,2.45
LTS,0.86
LQDT,0.46
FMX,1.54
FMY,N/A
LJPC,N/A
FMS,1.43
LTC,14.00
FMO,N/A
FOMX,51.75
FMI,25.93
FMD,1.45
FMB,N/A
FMC,1.90
CLSN,93.09
ADPT,2.04
TSCO,1.84
RPAI,7.06
VBND,N/A
OXBR,7.03
INSY,8.24
BTZ,N/A
ISP,3.18
CHOP,0.05
BKEP,1.05
HIHO,0.52
FLEX,0.23
AKRX,9.50
SQBK,5.69
CWBC,1.89
MOKO,10.54
NXTDW,N/A
GLAD,N/A
SCMP,6.01
LNC/WS,1.01
WSTL,0.82
ZNH,0.30
CSFL,3.53
HEI/A,3.41
PLUG,8.69
LMCK,2.68
LMCA,2.66
LMCB,2.76
PLUS,0.45
MCOX,0.60
AYN,N/A
AYI,2.63
KPTI,3862.79
AYR,2.16
HAFC,4.34
ENLK,2.38
ENLC,1.59
IFEU,N/A
NYMTP,13.98
HTBX,N/A
FOXA,2.28
PRXL,1.72
PRXI,1.10
HTBK,3.56
HTBI,4.38
TAP/A,3.29
ISNS,0.51
VIPS,3.92
KODK/WS/A,0.35
XLS,0.70
DXYN,0.32
ECYT,2.52
ONVI,1.50
YZC,0.40
DENN,2.00
LNCE,1.14
IIIN,0.98
LNCO,N/A
EL,2.56
UTI,0.58
EJ,1.18
EE,1.77
ED,1.55
EA,3.51
EC,1.03
WAVX,1.68
EW,6.14
EV,3.00
AMID,0.92
AMIC,0.51
DWAT,N/A
WPX,0.65
WPZ,2.78
WPT,7.29
WPP,1.45
EFOI,1.58
WPG,4.30
JASNW,N/A
ARES,6.41
XL,1.28
UUUU,2.15
RAI,4.26
NGHCP,1.45
BHLB,2.83
ETAK,4.46
SRVA,N/A
VSCP,1.01
VSCI,1.55
RPT,7.35
CMA/WS,3.01
RPM,1.37
HXL,2.20
SARA,0.11
KEQU,0.42
OGAR,N/A
PBCT,3.52
FIBK,3.08
UQM,6.30
NAC,N/A
PCCC,0.25
CTWS,4.17
BPTH,N/A
FNLC,3.75
VPCO,0.86
HBI,2.10
HBK,5.05
CAMBU,N/A
PZN,0.93
PZE,0.39
AUPH,134.30
PZC,N/A
PZB,N/A
CLNE,1.02
EXEL,14.53
FVE,0.17
CLNT,0.16
NYNY,3.49
CLNY,11.56
BOH,4.28
BOI,N/A
ZIXI,4.06
BRCM,2.90
BRCD,2.28
CFGE,N/A
KNMD,N/A
SKT,8.82
GHM,2.23
SKY,0.14
SKX,1.31
CTAS,2.00
SKM,1.12
ACGL,2.00
GES,0.68
MFA,8.18
GEQ,N/A
MFC,0.81
MFD,N/A
TCX,1.51
MFG,1.87
MFI,3.50
MFL,13.20
TCS,1.09
TCP,9.59
BOE,N/A
GEB,N/A
MFT,N/A
GEF,0.45
MFV,N/A
TCI,1.11
GEK,N/A
GEH,N/A
GEO,1.83
TCC,8.73
GEL,1.00
JGH,N/A
INPH,1.29
BTH,0.14
DDS,0.71
DDR,6.65
BBVA,2.98
KAMN,0.58
DDT,N/A
REDF,3.51
DDC,1.60
DDF,N/A
JGV,N/A
JGW,0.56
OPHT,41.78
OPHC,1.71
ONTY,N/A
HSEA,9.20
HSEB,9.20
QEP,0.98
KMI/WS,2.60
ATRA,N/A
ATRC,5.46
HEP,5.63
HEQ,N/A
HES,0.95
ATRI,4.73
ATRM,0.28
MHNC,N/A
MHNB,N/A
ATRS,13.26
HEB,246.67
NDP,N/A
BCPC,4.01
KOSS,0.68
HEI,3.41
CBG,1.29
NWBOW,N/A
TRAK,2.86
BJZ,N/A
ARCW,1.36
ARCP,10.02
ARCX,3.93
EVBN,2.52
SVM,2.45
CBL,3.30
ARCB,0.42
ARCC,N/A
ARCO,N/A
ARCI,0.12
FRPT,5.93
OWW,1.10
FRPH,2.27
TERP,10.25
LEVY,N/A
ADRU,N/A
LVS,2.97
SFLY,1.96
ADRA,N/A
ADRE,N/A
ADRD,N/A
EXXI,0.17
PDBC,N/A
LLNW,1.61
NUAN,2.22
CPTA,N/A
CAMT,1.09
SVT,0.47
JASN,8.84
JASO,0.24
CHMI,4.41
CHMG,1.94
BKCC,N/A
MYI,N/A
MYJ,N/A
MYM,N/A
MYL,2.65
MYN,N/A
CHMT,0.87
SIAL,5.90
MYE,0.60
MYD,N/A
MYF,N/A
CQH,321.58
MRCY,2.24
MRCC,N/A
MOMO,12.80
CQP,37.70
TGTX,3863.20
BYBK,1.84
SERV,1.54
LMAC,N/A
WHLRW,N/A
WHLRP,10.47
LOPE,2.96
GTWN,2.73
LMAT,1.87
ODFL,2.34
O,12.91
CVBF,5.45
WWW,1.03
SMM,N/A
ANGO,1.85
ANGI,1.01
SCTY,20.51
AAVL,2984.62
HTLF,1.83
NGHC,1.05
XNY,0.49
VBIV,N/A
SOHU,1.20
SOHO,0.69
QBAK,1.41
FLS,1.55
BBBY,1.12
FLT,10.70
TVPT,0.87
NCFT,0.99
BOOT,1.03
EBAY,3.76
NAUH,0.59
SSTK,6.71
BOOM,0.91
MDWD,1129.53
AMOV,1.39
TFSL,15.10
HRZN,4.00
VHI,1.03
FLC,N/A
VHC,243.60
TXN,4.32
NICK,2.94
SMBC,3.43
DWCH,1.78
CPHR,12.41
EBR/B,0.29
BHBK,8.68
LAEC,N/A
VSAR,N/A
SKLN,24.91
CCFI,N/A
VSAT,1.94
GCBC,4.85
BF/A,N/A
BF/B,N/A
KZ,1.25
AFOP,3.14
ZQK,0.20
ALDX,N/A
ALDW,0.24
ALDR,17.06
WRE,6.89
WRB,0.88
WRN,N/A
HZO,0.77
DYSL,0.55
WRI,8.08
LGL/WS,0.45
WRT,7.69
DORM,2.17
SUTR,0.06
ALG,0.68
CMPR,1.72
PAG,0.25
WWE,1.49
DRYS,0.21
PAM,0.73
FTR,1.45
FTT,N/A
STBA,4.30
ELSE,1.92
STBZ,4.23
THRM,1.64
IMAX,6.98
FTF,N/A
FTI,1.16
FTK,1.94
BLFS,3.41
MTLS,4.77
ALR,1.19
GIMO,3.56
FR,6.86
FT,11.41
FV,N/A
ACIW,2.03
SMT,0.29
MSFG,3.13
SMP,0.83
MGRC,2.14
KNOP,4.39
FC,1.42
FE,1.14
FF,1.36
SMG,1.31
FI,2.14
FL,1.08
FN,0.82
GGT,N/A
GGP,10.01
MDM,N/A
MDC,0.73
GGZ,N/A
GGE,N/A
GGG,3.82
GGB,0.36
MDR,0.27
MDP,1.56
GGN,N/A
MDW,N/A
MDT,4.10
MDU,0.96
ESBF,5.82
JEQ,N/A
DFT,5.89
REFR,75.74
DFP,N/A
DFS,3.77
JEC,0.40
ILMN,14.80
INNL,23.57
DCT,9.38
JNPR,1.93
WEC,2.51
MITT,3.99
FHN,2.50
MGT,7.22
YY,7.38
MITL,1.11
MITK,4.96
MTCN,N/A
EPZM,8.57
KFS,0.57
TOF,1.95
KBIO,3861.13
HSGX,N/A
KFY,1.45
WVFC,4.25
BELFA,0.61
KFH,N/A
KFI,N/A
NSYS,0.15
ABB,1.12
ABC,0.17
ABG,0.36
HGT,6.75
HGR,0.69
ABM,0.33
ABR,3.73
BVSN,2.10
ABT,2.99
NZF,N/A
HGH,N/A
ABX,1.25
HGG,0.07
NZH,N/A
BHI,0.97
BHK,N/A
BHL,N/A
BHB,3.76
BHE,0.46
HIX,N/A
TRGP,0.41
TRGT,360.20
BHP,1.77
PRCP,1.69
BHV,N/A
AGM/A,3.42
GOOGL,5.03
ATNI,3.22
ARAY,1.36
CNYD,0.57
IPDN,11.63
NBCB,6.43
SPSC,7.41
LPX,1.13
LPT,7.67
GMAN,0.10
LPL,0.53
LPI,1.69
LPG,14.45
SFNC,3.16
BWEN,0.28
ATNY,0.47
ROSG,47.06
GURE,0.42
ROST,1.75
VLGEA,0.25
IHT,1.67
CHSP,4.33
QIWI,2.64
SBRA,10.89
STZ/B,3.56
HILL,1.33
CSL,1.89
CSI,N/A
CSH,0.32
CSG,7.36
CSF,N/A
CSC,0.68
CSX,2.71
CSU,1.78
CST,0.32
CSV,1.81
CSQ,N/A
CSS,0.81
VOXX,0.25
BLVDU,N/A
BLVDW,N/A
XLRN,58.93
LRAD,3.66
CSBK,12.81
CKSW,1.91
LORL,N/A
AFB,N/A
FSTM,N/A
FSTR,0.82
NQ,1.85
EGLT,74.21
MNGA,23.33
SCHL,0.63
ENPH,1.47
ANET,7.78
DANG,0.57
GBR,0.60
EGLE,3.06
OGXI,1.57
ATNM,N/A
CVTI,0.59
SSRG,0.86
ISBC,7.04
AEH,N/A
AEO,0.82
CYAN,1.20
PTBI,1.95
VTTI,2.77
COF/WS,2.31
NWPX,0.43
BDSI,14.93
PKOH,0.50
GSAT,28.26
BSTC,18.48
LACO,1.70
IOSP,1.09
VNDA,9.17
VNO,8.39
VNR,1.95
TZF,N/A
MYRG,0.54
SONA,4.37
SONC,2.95
MBCN,2.59
TILE,1.08
HOMB,5.94
SONS,2.98
TMHC,0.20
USBI,1.50
KMPR,0.83
KMPA,0.61
AFMD,13.23
RATE,2.33
LWAY,2.66
AGND,N/A
JSN,N/A
MKSI,2.25
S,0.46
UNIS,37.03
BRK/A,N/A
RITTW,N/A
USG,1.14
NDLS,2.05
CMRX,358.84
PNTA,N/A
SKH,0.42
FNHC,1.89
UMC,1.39
CMRE,2.60
PNTR,0.56
UMH,3.25
OLN,0.78
OLP,6.80
JKHY,4.15
VLY/WS,3.84
SMTX,0.12
OCLS,0.90
IRET,3.73
EXAC,1.26
SMTP,4.81
SMTH,N/A
BLDR,0.38
EXAR,3.34
EXAS,1700.20
HCKT,1.13
SMTC,3.11
RAX,3.77
SAPE,2.53
VCLT,N/A
MTGEP,6.39
NECB,4.80
TBNK,3.36
CYCC,8.09
NEFF,0.24
MBI,1.08
GAS,1.27
SOL,0.08
SON,0.90
CNOB,7.94
GAM,44.53
SOR,N/A
GAI,0.15
MBT,0.63
TZOO,1.05
GAB,N/A
JCP,0.19
BBRY,1.45
JCE,N/A
ESLT,0.92
BBRG,0.62
JCI,0.70
SWFT,0.90
KMG,0.65
KMB,2.03
RLOG,0.39
QTNT,10.59
RLOC,0.20
KHI,N/A
HSII,0.85
KMM,N/A
HSIC,1.14
NXQ,N/A
NXP,N/A
NXR,N/A
ORRF,2.40
NXC,N/A
NXN,N/A
NXK,13.54
NXJ,N/A
CINF,1.71
SCON,50.34
TREC,1.21
BVX,2.52
TREE,2.96
PRAA,3.39
TREX,3.21
BVA,3.01
SCOR,4.40
GSBC,2.65
PRAH,1.16
BVN,2.29
PRAN,11.13
ARGS,61.94
WPRT,1.35
KING,1.78
ICFI,0.75
IDRA,5514.72
WLRHU,N/A
WLRHW,N/A
SLMAP,29.89
OSK,0.46
OSM,N/A
KINS,1.26
OSN,0.10
KMX,0.98
CPAH,2.80
CPAC,2.33
LRE,1.37
TSYS,0.50
LRN,0.41
MDLZ,1.76
MDLY,1.03
FBIZ,3.28
GMCR,4.38
VRX,6.44
NOK,1.84
FAST,3.60
GRAM,0.62
CAKE,1.27
SIEB,3.06
YNDX,3.63
CUR,15148.66
CUZ,7.25
TMST,0.84
CUB,1.00
CUO,0.21
CUK,2.22
CUI,1.87
CXDC,0.20
WTFCW,N/A
CATM,1.52
HTHT,1.74
HKTV,1959.25
NOG,0.82
MCEP,1.07
MVCB,N/A
JYNT,9.33
PSBH,3.88
TWER,3.94
ANCI,0.75
CEA,0.43
ANCB,2.82
ANCX,3.49
ENVI,0.92
ENVA,0.84
CEM,N/A
ISDR,1.35
PKY,5.19
BOCH,2.38
BOCA,2.83
CEV,N/A
TCAP,6.96
GT,0.36
GS,2.27
GY,0.62
GG,5.08
GF,N/A
GE,1.61
GD,1.48
OSBCP,N/A
RDWR,4.82
GM,0.34
GK,1.48
AXAS,2.23
EBMT,1.74
AMCO,0.62
AMCN,0.52
AMCF,0.04
AMCC,2.31
JBSS,0.57
TOPS,3.48
BSRR,3.22
VLO,0.17
MPLX,9.57
TTS,1.68
TTP,N/A
WWWW,1.58
TTI,0.44
TTM,0.71
TTC,1.58
VLP,23.11
VLT,N/A
PFIE,2.64
ZN,N/A
USLV,N/A
PFIN,0.39
ZA,0.11
USLM,2.74
ZX,0.10
ARCPP,24.43
PFIS,5.54
ZU,2.40
WOR,0.50
GARS,N/A
CADTW,N/A
APDN,16.59
PBMD,20.28
RAVN,2.29
LBAI,3.32
CCBG,1.97
AIG/WS,1.08
VSEC,0.81
ATEA,0.34
ATEC,0.66
ATEN,1.60
DOVR,0.26
FNJN,8.50
GBLI,1.89
ONB,3.02
ONE,0.78
IID,N/A
IIF,N/A
IIM,N/A
ONP,0.14
IIN,0.63
III,0.67
TEG,0.87
EXCU,1.75
FORM,1.79
NTWK,1.01
STNR,0.69
FORD,0.27
RDHL,19.90
UBFO,2.78
FORR,2.15
EZPW,0.65
HMIN,1.16
OLBK,3.25
SYBT,3.80
QRM,N/A
MSBF,5.10
GIII,1.02
RCPI,4.23
HFWA,4.34
SAH,0.14
SAN,1.99
SAM,4.25
SAL,1.87
XENT,17.22
ACMP,7.92
RXDX,913.73
SAR,3.34
XENE,10.72
SAP,3.75
RCPT,430.88
CHA,0.87
CHD,3.32
CHE,1.21
CHH,4.54
CHI,N/A
CHK,0.59
CHL,2.42
CHN,30.07
FELP,1.86
ASBB,3.06
ASBC,2.92
CHS,0.94
CHT,3.19
CHU,0.76
JAH,1.08
CHW,N/A
CHY,N/A
FELE,1.57
ASBI,2.63
ESNT,9.83
DBL,N/A
PESI,0.92
DBD,0.68
CHSCP,N/A
WSCI,0.39
CHSCM,N/A
CHSCN,N/A
CHSCO,N/A
EWBC,5.81
PTEN,0.68
OBAS,2.46
TCFC,2.48
HSKA,1.17
GCA,0.73
AFM,0.58
AFH,2.00
GCI,1.20
GCH,N/A
AFG,0.94
AFA,0.42
ORLY,2.58
AFC,18.89
W,1.60
GCV,N/A
AFT,N/A
AFW,0.43
AFQ,0.42
BTU,0.26
BTT,N/A
PROV,2.08
CBAN,1.41
BTX,54.94
CBAK,0.15
BTE,1.88
BTG,3.65
BTF,N/A
BTA,N/A
TIME,0.81
BTO,N/A
BTN,0.61
BTI,4.46
CBAY,N/A
CNET,0.88
ONCY,N/A
IPHS,1.54
FMSA,0.69
EVDY,2.41
LGND,18.35
IPHI,5.15
AREX,0.79
WAIR,0.95
ASH,1.35
IKNX,1.79
GMED,4.81
CPGI,0.23
HOVNP,0.00
YDIV,N/A
SWH,N/A
VGIT,N/A
WYNN,2.56
SWK,1.27
NPTN,0.32
MMYT,3.73
CAMP,2.40
BKMU,3.47
CAMB,N/A
SPWH,0.41
VASC,4.20
CWT,1.98
SPWR,1.29
GLYC,8.66
ABRN,13.58
MOCO,1.51
NICE,2.96
ENTA,18.89
SKUL,1.27
ENTG,1.91
SRCE,3.21
AAPL,3.43
SRCL,4.63
ENTR,1.04
ZFC,2.62
CDNS,3.38
CDNA,2.98
SIGA,24.98
WEA,N/A
SIGI,0.74
SIGM,1.37
WEN,1.69
WES,6.29
PSDV,4.15
SZYM,3.09
VMBS,N/A
WEX,4.60
ANAT,0.89
ANAD,0.78
ANAC,71.37
NVRO,31.01
AMAG,10.09
SWC,1.65
KN,1.53
AMAT,3.14
SSNC,6.06
OIBR,1.37
SSNI,1.64
KR,0.30
CRDS,3.38
CRDT,N/A
CRDI,N/A
CRDC,16.97
K,1.65
AGNC,43.06
NFEC,1.16
MCGC,4.53
UMPQ,4.31
NFJ,N/A
JMEI,2.90
RDUS,N/A
BLL,1.04
BLH,N/A
HRTX,N/A
BSPM,0.29
BLJ,N/A
BLE,N/A
FDEF,3.15
HRTG,3.07
VRS,0.12
HCI,1.86
TORM,0.43
PPBI,3.38
VRA,1.45
RUSHB,0.23
RUSHA,0.27
TVE,N/A
WERN,1.03
TVC,N/A
GALT,N/A
JDSU,1.72
GALE,28.56
HDRA,N/A
SORL,0.27
USNA,1.67
TXTR,10.21
OSUR,5.18
QTWO,8.55
QTWW,1.62
HPY,0.83
HPS,10.28
KONA,2.41
HPQ,0.64
HPP,8.73
TACT,0.90
KONE,0.47
HPT,2.85
HPJ,0.44
HPI,N/A
BCEI,1.54
CBSTZ,N/A
HPF,N/A
MTBC,2.05
SGOC,0.05
OHI,11.43
IOT,N/A
UIL,1.59
GBNK,3.50
UIS,0.38
IOC,1.17
D,3.55
RXN,1.21
HCOM,0.71
CLFD,2.73
STLD,0.51
BSFT,3.94
LECO,1.78
SMPL,3.64
SANWZ,N/A
STLY,0.46
HY,0.38
HR,7.67
HP,1.75
HW,1.28
HT,3.48
HK,0.47
HH,0.58
HI,1.20
HL,2.18
HA,0.58
CTIB,0.23
CTIC,4.48
HD,1.63
HE,1.05
SCM,N/A
SCL,0.43
SCI,1.61
TBBK,1.95
MNP,N/A
SCD,N/A
MNR,10.02
MNI,0.20
MNK,4.75
SCX,0.53
SCU,N/A
ACOR,4.52
SCQ,N/A
MNE,N/A
SCS,0.67
PBT,8.49
AUXL,4.56
PBR,0.36
PBY,0.23
PBF,0.10
PBA,1.96
PBM,N/A
YHOO,9.46
PBI,1.20
PBH,2.95
FENG,2.34
FCVA,2.49
VVUS,2.11
THST,0.63
TJX,1.57
PRMW,1.02
BTUI,0.49
OBCI,1.27
SQQQ,N/A
NMIH,28.75
CRMD/WS,492.06
GMK,1.21
FSCE,N/A
ADT,1.72
GMO,N/A
ADS,3.35
ADP,3.25
GMC,N/A
ADX,43.41
GMZ,N/A
ADC,9.60
UHAL,1.87
ADM,0.36
GTN/A,1.35
ADK,0.31
ADI,5.76
RIGL,31.45
BRX,5.14
BRT,2.36
BRS,1.24
NSSC,1.19
BRO,3.00
BRN,0.83
DJCO,6.54
RIGP,1.57
BRC,1.12
JUNO,N/A
HF,3.14
LNTH,N/A
ARKR,0.61
ESV,1.25
ESS,15.99
ESP,2.10
ESE,1.80
ESL,1.63
ESI,0.19
FBMS,1.96
SMCI,0.95
DSPG,1.63
CECE,1.38
SCG,1.83
CECO,0.41
MARPS,7.06
VGGL,2.18
CLRBW,N/A
LTM,1.61
FULL,N/A
ONEQ,N/A
CRRC,0.59
BRK/B,N/A
FULT,3.17
MPW,8.55
ENZN,1.30
RFIL,1.37
EGBN,4.85
DAIO,1.29
ENZY,2.88
BPFHP,6.39
SREV,1.24
CENTA,0.31
GRMN,3.44
DOOR,0.96
WGL,1.02
WGO,0.55
JAKK,0.20
TWIN,0.72
WGP,9.93
CHUY,1.51
DEPO,4.39
GB,1.76
EBIO,76.25
SSLT,0.75
AMGN,5.85
HURN,1.88
EBIX,3.84
HURC,1.09
XXII,10.00
LBMH,2.21
GFNSL,2.17
XXIA,1.78
LOXO,N/A
ELLI,8.34
CVM/WS,223.15
ELLO,5.77
PAHC,1.57
NTCT,3.21
ZAZA,2.11
CATYW,N/A
FFNW,5.06
FFNM,2.56
VPV,N/A
VPG,0.89
WETF,11.53
ZIONZ,N/A
RESI,2.94
RESN,N/A
PFMT,1.31
PBIP,6.74
MICT,0.56
THG,0.61
AFGE,0.41
PBIB,0.33
PIKE,N/A
RARE,N/A
CKX,11.04
MLVF,4.77
GERN,411.37
TDIV,N/A
DSKY,9.99
ATAI,1.56
TPC,0.25
HRT,0.87
ICLDW,N/A
TPL,16.70
HRS,1.41
HLIT,1.33
ATAX,7.78
HRL,1.44
HRG,0.43
TPZ,N/A
HRC,1.63
KODK,0.35
HNNA,3.58
SGYPW,N/A
SGYPU,N/A
MTDR,4.26
PNNT,N/A
SGMA,0.12
UGI,0.77
SGMO,25.13
SGMS,0.64
SNSS,21.41
UGP,0.40
ENB,1.18
RFP,0.34
ENG,0.45
ENH,1.31
ENI,1.35
ENL,N/A
ENR,1.81
ENS,1.02
ENT,2.98
ENV,5.14
ENX,N/A
ENZ,1.58
FBRC,1.06
OCFC,3.00
LEAF,2.15
HDRAU,N/A
CLDN,N/A
DCUA,2.79
HDRAR,N/A
DCUC,N/A
CLDT,5.89
SMRT,0.52
RSTI,1.37
CLDX,611.92
MMLP,0.50
WMAR,0.45
SEV,0.71
QUNR,14.51
SASR,3.55
PODD,6.28
SEE,1.13
DGII,1.05
SEM,0.59
CLM,N/A
EMMSP,2.52
CLH,0.81
CLI,2.66
IMI,1.61
IMH,N/A
CLF,0.28
PDT,N/A
PDS,0.71
CLA,N/A
CLB,3.94
IMN,0.19
PDM,5.21
MRVL,2.07
CLX,2.48
PDI,N/A
FCNCA,2.28
CLV,0.25
CLW,0.71
MRVC,0.45
CLR,3.18
CLS,0.35
INFN,2.65
PEOP,6.19
INFI,4.54
FCTY,3.28
INFA,3.91
ASFI,2.77
FLTX,6.03
INFU,1.02
COBK,3.34
TTWO,0.96
BPI,0.70
BPK,N/A
BPL,1.27
PRKR,N/A
BPS,N/A
BPT,6.71
BPY,1.09
BPZ,0.35
GEOS,1.31
TCBI,3.96
TCBK,3.64
EPRS,N/A
GOL,0.38
MLI,0.78
FSAM,0.93
MLR,0.49
MLP,7.61
GME,0.41
GOV,6.61
AJG,1.79
NRK,N/A
RNST,3.13
NRO,N/A
NRG,0.62
NRF,6.19
NRZ,3.01
NRX,N/A
LCNB,3.18
JIVE,2.45
NRP,3.41
NRT,5.80
WSTG,0.26
ZUMZ,1.43
EMEY,N/A
EMES,1.19
WSTC,0.96
LTBR,20.15
OVTI,1.05
ARII,1.31
ARIA,24.33
CNAT,N/A
ARIS,1.47
GMT,1.67
BUSE,3.40
HSON,0.13
HSOL,0.11
KNM,1.25
H,3.15
KND,0.23
EQR,10.99
EQT,4.86
FORTY,0.46
EQM,19.99
KNX,2.56
EQC,N/A
LXU,0.98
LXP,5.87
CEMP,59.90
CEMI,1.21
LXK,0.63
GPIC,1.20
MHFI,4.66
BRP,1.93
STI/WS/B,2.50
STI/WS/A,2.50
FTSM,N/A
TMUS,0.83
ECHO,0.58
FUND,N/A
FUNC,1.13
TWC,1.78
FISH,4.61
FISI,2.95
AOSL,0.73
DAVE,1.31
FISV,3.49
LONG,3.61
HART,372.60
ZBB,3.45
ZBK,2.50
WAL,5.64
PSXP,36.69
WAG,N/A
WAC,0.46
WAB,2.72
WRLD,1.13
CAAS,0.44
GROW,4.08
FNSR,1.51
AXGN,4.74
AMED,0.78
CUTR,2.47
IX,1.09
PANW,14.85
IP,0.78
IR,1.28
UTHR,5.32
CLD,0.36
IM,0.09
IL,2.37
IO,0.68
ALTV,1.34
ELNK,0.36
IG,17.89
PANL,0.00
LCM,20.81
SHLX,42.15
CTRN,0.56
CTRL,2.47
CTRE,4.63
CTRX,0.50
FFHL,0.17
SHLO,0.25
CTRP,5.61
SHLD,0.11
SXB,N/A
SXC,0.77
SXE,0.79
SXI,1.26
SXL,0.47
VVR,N/A
FDIV,N/A
SXT,1.94
URZ,27.05
VVI,0.52
FFBCW,N/A
VVC,1.53
PFSW,0.99
EGHT,5.36
BBEP,0.76
JVA,0.27
PFSI,0.73
IPI,3.02
OSIS,1.46
OSIR,11.45
FINL,0.65
TRI,2.46
EYES,146.09
TRN,0.67
TRC,10.85
TRF,14.04
TRX,N/A
EYEG,N/A
TRQ,4.85
TRP,3.55
TRS,0.90
TRR,0.54
TRT,0.29
TRW,0.64
TRV,1.27
HTF,7.46
HTD,N/A
HTA,19.12
HTM,1.65
HTH,1.45
LCUT,0.38
ESD,11.61
HTS,9.17
HTR,N/A
HTZ,0.89
HTY,N/A
ADXSW,N/A
KTWO,4.35
ODP,0.27
TECU,0.09
DRWI,0.64
UEC,N/A
TECH,8.93
TECD,0.08
ODC,0.79
ELJ,N/A
ELB,N/A
ELA,N/A
RDY,3.91
NTIP,4.71
ELX,1.07
ELY,0.69
RDC,1.59
ELS,6.22
ELP,0.75
RDN,2.37
RDI,1.12
NTIC,3.73
ELU,N/A
LEA,0.42
FBP,2.37
SMLP,7.33
LEE,0.26
SMLR,3.74
LEG,1.52
LEI,0.76
CLBH,1.15
LEN,1.23
LEO,N/A
IMOS,1.03
LEU,0.05
NLNK,289.50
MXIM,3.66
SGY,0.87
AMOT,0.77
ACST,195.77
SGU,0.18
SGI,0.80
EIGI,3.51
SGM,1.31
SGL,N/A
SGA,1.86
SGC,1.27
ACSF,N/A
SGF,N/A
CNV,0.85
CNW,0.44
CNR,1.82
JXSB,2.79
CNP,1.08
CNQ,1.85
ICB,N/A
ICA,0.31
CWST,0.29
CNX,2.02
ICD,1.82
AMSGP,3.97
CNC,0.44
CNA,0.99
CNO,0.71
CNL,2.69
CNK,1.56
CNI,5.25
PFE,4.08
PFD,N/A
PFG,1.36
CLACW,N/A
PFK,N/A
CLACU,N/A
INDY,N/A
PFL,N/A
PFO,N/A
THOR,4.06
DXM,0.07
INDB,3.75
PFX,0.08
MRTX,N/A
FCZA,1.45
RYN,2.05
TITN,0.13
PRIM,0.44
CIVI,0.55
TIGR,1.45
RLGY,1.25
QLGC,2.39
EOD,N/A
LMRK,9.80
FSGI,3.32
GIS,1.81
PVTBP,N/A
MJN,4.55
MJI,N/A
GIG,1.16
GIB,1.29
GIM,N/A
GIL,2.81
NPM,N/A
AHC,0.59
NPO,1.30
NPN,N/A
NPI,N/A
NPK,1.04
MENT,2.07
NPD,0.35
AHH,1.71
NPF,N/A
AHL,1.01
MNRO,2.06
AHS,0.87
AHP,1.57
MNRK,1.33
RICK,0.82
AHT,1.17
ITRN,2.42
NPT,N/A
NPV,13.23
NPP,N/A
EMCI,0.78
EMCB,N/A
EMCG,N/A
EMCF,2.23
BOXC,4.73
PLX,13.92
AROW,3.79
CDW,0.52
BABA,23.37
TCB/WS,1.97
VTAE,10.49
LOAN,10.65
BABY,3.22
WAGE,8.08
DSLV,N/A
LZB,0.99
ABTL,0.91
SHI,0.21
MNTA,14.40
TCRX,N/A
CNCE,25.65
CNCO,0.35
SPIL,1.91
TXMD,47.50
CBMX,2.01
PBPB,1.27
RFMD,3.94
DATE,1.40
BNCL,5.52
BNCN,3.23
DATA,16.01
CACQ,N/A
UNTY,2.29
MMSI,1.42
WWAV,1.78
JAGX,N/A
SIMG,1.81
UNTD,0.91
GRIF,6.51
CACB,4.06
CHYR,1.93
CACI,0.60
CACH,0.03
WCN,2.58
TWMC,0.28
RBCAA,3.09
LINE,0.89
NWFL,3.73
LINC,0.21
BRLI,1.12
CMGE,3.71
VIDI,N/A
VIDE,1.13
WCC,0.38
MBTF,2.28
ASRV,1.15
PCRX,20.13
L,0.97
DPRX,N/A
MHLDO,N/A
QKLS,0.01
FOLD,404.80
NLSN,2.57
NLST,2.48
SAJA,1.07
LAYN,0.20
SZC,N/A
MGAM,4.97
PPHM,11.34
PMCS,3.36
JTP,N/A
JTD,N/A
JTA,N/A
GORO,1.70
IQNT,2.78
USTR,0.30
BBGI,1.13
TXRH,1.50
MTN,2.56
WSFSL,1.16
WGBS,4.29
AFCB,2.82
QTS,5.32
LBIX,0.83
BITA,8.19
GEVA,414.57
GEVO,1.52
BRID,0.55
PCP,3.14
AVNW,0.25
TLR,N/A
TLP,3.48
AVNR,28.57
VTG,0.12
GTI,0.47
VTL,N/A
GTN,1.35
VTN,N/A
ATML,2.40
GTS,0.27
GTT,1.90
TLF,1.15
TLK,3.12
GTY,6.21
TLI,N/A
TLM,1.56
ITIC,1.14
PCH,2.78
HNRG,1.87
GNBC,3.95
WPC,10.65
HVT,0.70
TSLF,N/A
TSLA,8.42
ZINC,1.61
SOHOL,2.35
SOHOM,N/A
TSLX,N/A
PNBK,3.66
TEAR,3.97
PCF,17.59
ARRS,0.77
ARRY,16.42
RBY,N/A
RBS,2.76
XOMA,13.85
FEIC,3.42
ALXN,16.51
ALXA,7.77
RBC,0.97
RBA,5.64
LGI,N/A
UBNK,5.63
LGL,0.45
MEILW,N/A
RSPP,8.31
LGF,1.58
IMMY,64.88
IFGL,N/A
IMMR,4.69
IMMU,91.00
ROLL,3.30
JD,1.99
JE,0.23
GST,1.08
THLD,14.66
ACUR,114.04
OFC,4.49
YPRO,N/A
OFG,1.80
IAE,N/A
FRAN,1.96
IAG,0.98
IAF,N/A
VALE,0.99
OFS,N/A
VALX,N/A
BGCP,1.08
TIS,1.84
VALU,4.07
PHK,N/A
PHI,3.75
PHH,0.49
PHM,1.38
PHG,0.91
PHF,N/A
PHD,N/A
PHX,4.01
INBK,2.54
PHT,N/A
JOBS,7.20
TIK,1.16
WGA,0.15
TRST,4.09
TIF,2.60
BX,2.45
WBKC,4.34
CUNB,4.20
IRBT,1.75
MHN,N/A
MHO,0.44
RWLK,18.60
MHK,1.52
MHH,0.39
IBKC,3.12
MHF,18.60
MHG,1.57
MHD,N/A
SIRI,4.73
SIRO,4.28
IBKR,1.52
ABMD,7.60
MHR,1.14
YDLE,3.33
NVS,4.07
NVR,1.18
MELR,8.58
ANN,0.61
ANH,8.24
NVX,13.79
NVG,N/A
CBIN,2.49
MELI,9.74
ANR,0.06
NVO,8.07
MELA,12.36
ANY,31.54
IMGN,9.33
NADL,0.28
BDBD,1.20
ATHM,13.62
EMAN,2.44
ARMK,0.50
ARMH,18.09
ARMF,N/A
RTRX,25.06
FTHI,N/A
TAHO,7.36
LOCK,2.90
LOCO,2.63
LOCM,0.20
KRO,0.80
DRWIW,N/A
KRC,12.05
BALT,2.09
KRG,12.01
SFBS,5.99
SFBC,1.91
ETRM,N/A
AKBA,N/A
OFED,9.23
QCLN,N/A
UHT,11.38
INO,54.62
OKE,0.57
GOOG,5.01
GOOD,4.62
CNMD,1.71
YOD,44.01
RMAX,2.54
ECTE,1581.62
SPOK,2.00
ICPT,1850.44
APSA,2.89
T,1.32
ANIK,5.45
AAXJ,N/A
DARA,11.89
ANIP,13.31
WCG,0.27
GAINP,N/A
GAINO,N/A
DWRE,12.21
FSBK,2.33
SUMR,0.31
CAPNW,N/A
AIXG,4.38
GLF,1.06
WMC,4.54
WMB,4.35
NXST,2.51
MMV,N/A
TWOU,6.78
EBSB,5.90
SSFN,1.37
SGZA,0.70
DFRG,1.60
AKG,N/A
PCTI,1.45
PVTD,3.76
PVTB,4.42
PCTY,9.90
GLW,3.18
TNXP,N/A
MVIS,21.81
WDAY,20.75
COTY,1.48
ASM,3.17
SALM,0.71
MGCD,0.94
CYRN,1.76
SALE,3.02
PHII,0.56
TPVG,N/A
SALT,8.74
LAWS,0.81
ESSX,0.29
KUTV,4.03
CACGW,N/A
BSD,N/A
CACGU,N/A
TESO,0.72
BSF,10.24
MBWM,4.23
REIS,6.72
JRO,N/A
JRN,1.26
JRI,N/A
JRS,N/A
MHE,N/A
TLLP,8.51
PBCP,2.59
AFAM,0.61
NMRX,2.11
QSII,2.03
TNP,1.39
ATOS,356.98
VZA,0.89
GVA,0.59
TNC,1.53
GVP,0.80
TNH,3.45
TNK,2.77
HHS,0.83
NKA,0.75
NKE,2.78
NKG,N/A
HHY,12.31
HHC,8.02
NKX,N/A
RNWK,1.41
COWNL,8.45
TSNU,N/A
WAT,4.77
HEES,0.68
ARPI,7.66
MANU,3.96
AXU,2.51
WFBI,2.83
UAM,0.35
UAL,0.61
UAN,2.53
MANH,6.85
UAE,N/A
XOOM,3.88
P,3.67
EHI,N/A
OTIC,N/A
CVCO,1.15
LAD,0.46
FOXF,1.89
ROBO,N/A
OTIV,2.37
LAZ,2.37
FFG,1.88
FFC,10.62
LAQ,N/A
FFA,35.60
LAS,0.05
DTK,N/A
CODE,1.64
DTF,N/A
DTE,1.34
CODI,0.85
WMGI,4.49
DTZ,N/A
DTQ,N/A
DTV,1.30
PEIX,0.17
DTT,N/A
CYOU,1.86
NBTB,2.91
IGT,2.05
IGR,19.16
NBTF,3.61
IGD,20.10
IGC,3.14
IGA,N/A
IGI,N/A
CAMBW,N/A
CBB,0.50
CBA,N/A
CBF,3.91
PJH,0.23
CBD,0.38
CBK,0.46
CBI,0.33
CBO,N/A
PJC,1.25
CBM,1.96
CBR,0.28
CBS,1.85
MMC,2.35
CBT,0.72
CBU,3.77
CBZ,0.57
CBX,N/A
PJS,N/A
BZT,0.47
CIZN,2.65
RFTA,8.86
HAIN,2.32
TTMI,0.47
TICC,3.84
BZC,1.14
BZM,N/A
BZH,0.30
MVT,N/A
ACWI,N/A
IBIO,29.49
MVC,N/A
GRVY,0.47
MVF,N/A
MVG,N/A
ACWX,N/A
OESX,1.56
MVO,4.14
ALN,0.17
NTX,N/A
ALL,0.82
NTZ,0.14
ALJ,0.10
ALK,1.55
RTIX,1.08
NTP,0.23
ALE,2.18
ALB,1.68
NTT,0.66
AAIT,N/A
NTI,0.34
JACQU,N/A
NTK,0.50
JACQW,N/A
AUO,0.43
NTL,0.79
ALX,11.82
NTN,1.54
ALV,1.00
NTC,N/A
ALU,0.52
NTG,N/A
ADBE,8.52
MDXG,9.26
HBIO,1.68
ISSC,1.15
ISSI,1.49
TRC/WS,10.85
SLGN,0.86
FTNT,6.89
BANR,3.56
KTP,N/A
BANX,2620.60
KTN,N/A
BANF,3.24
KTH,N/A
BANC,1.14
KTF,N/A
OTTR,1.21
XGTIW,N/A
RDNT,0.46
BEBE,0.57
RMT,N/A
NOM,N/A
MDCO,2.18
GOMO,2.63
DNOW,0.59
RMCF,2.02
EVRY,0.03
FMER,2.72
MDCA,0.91
NVDQ,17.54
NVDA,2.33
VMEM,4.50
PULB,2.82
CCUR,0.89
IBTX,4.64
JACQ,N/A
CADTU,N/A
LUNA,1.00
JACK,2.15
CADTR,N/A
BKSC,4.41
UNXL,5975.28
TUBE,4.72
YPF,0.60
NWBI,3.72
NWBO,643.56
WSO/B,0.87
SNDE,N/A
WSFS,3.22
CMCM,10.05
CMCO,0.84
SNDK,2.62
RRST,0.90
MASI,2.45
CMCT,5.53
SNDX,N/A
CSTM,0.42
CSTE,4.61
CDTI,0.44
BLUE,107.12
KB,2.36
KF,106.41
KE,0.41
VRNT,3.06
KO,4.02
VRNS,8.31
KS,1.25
KW,8.27
KT,0.31
VRNG,39.60
ZOES,3.56
SANW,1.10
OHRP,N/A
MGEE,2.50
MGPI,0.87
CYTX,5.63
SAND,7.83
CYTR,1761.26
SANM,0.30
GER,N/A
CRNT,0.19
JPI,N/A
JPM,2.22
BBCN,3.54
JPC,N/A
JPG,N/A
USPH,1.66
SOXX,N/A
JPZ,N/A
DXKW,N/A
JPS,N/A
AMNB,3.14
JPW,N/A
MBUU,N/A
BGB,N/A
BGC,0.09
BGG,0.45
BGH,N/A
BGI,0.09
MFM,12.62
BGR,N/A
BGS,1.94
BGT,N/A
WLRH,N/A
BGX,N/A
BGY,30.30
MFO,26.84
BPFHW,N/A
TCO,7.19
ONDK,N/A
PICO,1.10
TCK,0.89
GPL,1.91
GPM,N/A
GPN,2.18
GPI,0.19
GPK,1.05
THS,1.36
THR,2.45
THQ,N/A
GPC,0.97
THO,0.79
THM,N/A
GPX,1.10
GPT,8.89
THC,0.27
GPS,1.05
HJV,N/A
NIO,13.72
NIM,26.21
TCB,1.97
TAIT,0.99
NID,N/A
NIE,N/A
NORD,4.13
NIQ,N/A
SYNL,0.67
FDI,N/A
SYNC,0.62
FDO,0.82
SYNA,2.14
FDP,0.48
FDS,6.28
AUMAU,N/A
AUMAW,N/A
FDX,1.07
SYNT,4.19
PNFP,5.29
AEGR,4.93
DRIV,2.01
DRII,2.70
AEGN,0.45
SGEN,13.52
GFIG,0.86
EFX,4.17
EFR,N/A
FTSL,N/A
EFT,N/A
ASNA,0.37
EFM,N/A
EFC,10.18
EFF,N/A
RNO,0.23
RNN,N/A
STRS,1.15
RNA,32.28
STRP,19.26
RNG,4.83
RNF,1.39
RNE,N/A
STRT,0.68
STRI,0.38
STRN,1.01
STRM,2.41
STRL,0.17
RNR,2.73
STRA,1.56
RNP,N/A
ALTR,5.43
LCI,4.74
ABCD,0.58
DVN,1.46
PEGI,7.45
ABCB,3.25
DVD,2.13
ABCO,3.10
DVA,1.28
PEGA,2.58
ABCW,3.08
UPIP,2.94
DDE,0.16
DDD,5.07
IEX,2.65
SVLC,3.91
IEP,0.53
FREE,0.57
FRED,0.32
IEH,0.30
KTEC,0.67
RM,1.03
IEC,0.34
CHGG,1.89
CDE,0.86
PLT,2.45
MRNS,N/A
CDC,N/A
CDI,0.29
CDK,3.34
PLG,N/A
PLD,11.74
MORN,3.79
CDR,4.02
PLM,N/A
PLL,3.70
CDX,N/A
MORE,7.81
SCAI,N/A
CBMG,41.81
PRSS,0.17
BXP,8.83
BXS,2.78
MNTX,0.54
MSF,N/A
PRSC,0.44
BXC,0.05
BXE,1.26
AMBCW,N/A
HYND,N/A
TTOO,8282.40
NEWT,0.73
MTZ,0.34
MTX,1.39
GRPN,1.61
MTR,6.66
MTS,N/A
NETE,2.25
IBOC,2.95
MTW,0.61
MTT,N/A
MTU,1.97
NHTB,2.15
MTH,0.65
SIVB,3.73
TPI,0.43
MTL,0.04
MTB,3.51
FSIC,N/A
TPH,1.46
MTG,2.94
MTD,3.34
ARP,1.03
ARR,N/A
ARU,N/A
ARW,0.23
ARY,N/A
ARC,1.05
ARE,9.70
ARG,1.61
ARI,8.59
ARL,0.82
ARN,N/A
ARO,0.12
CPSI,3.10
NCIT,0.48
AXPW,0.72
BORN,0.07
CPST,1.72
CPSS,1.22
EMMS,0.40
HRB,2.91
TLYS,0.76
REXI,1.01
LOGM,5.55
FTLB,N/A
LOGI,1.07
VRSN,6.73
VRSK,6.09
LEVYW,N/A
LEVYU,N/A
OFIX,1.34
GLUU,1.94
APWC,0.07
CNIT,1.66
FLML,15.50
CRUS,2.07
ECPG,1.06
SPCB,4.88
CSRE,2.64
NVFY,0.58
CCSC,0.57
BIOC,142.89
BIOA,97.56
BIOD,N/A
BIOL,2.25
SKYY,N/A
BIOS,0.38
CJES,0.41
SKYS,13.46
VSTM,N/A
SKYW,0.19
SBBX,2.11
LULU,5.35
WIA,32.76
WIN,0.86
WIW,N/A
WIT,3.67
TATT,0.71
WIX,5.57
MTSI,3.22
MTSN,1.48
MTSL,0.51
MTSC,1.91
UZA,0.55
UZB,0.55
AOS,2.12
BPOP,2.53
SSBI,3.14
TNDM,7.60
WPPGY,1.57
MHNA,N/A
CELGZ,N/A
ATRO,1.85
PLAB,1.13
AIMC,0.83
PTRY,0.11
QDEL,5.11
ONVO,1238.84
